Ev Idx,tid,cat,Record function id,Input type,name,pid,dur,External id,Concrete Inputs,Sequence number,Input Strides,Input Dims,ts,Fwd thread id,ph
0,36890,cpu_op,0,,autograd::engine::evaluate_function: SumBackward0,30902,119.721,1025,,1896,,,6935384523258.65,1,X
1,36890,cpu_op,0,"[""float""]",SumBackward0,30902,68.967,1026,"[""""]",1896,[[]],[[]],6935384523299.732,1,X
2,36890,cpu_op,0,"[""float"", ""ScalarList"", ""Scalar""]",aten::expand,30902,22.505,1027,"["""", ""[300, 15]"", ""False""]",,"[[], [], []]","[[], [], []]",6935384523341.313,,X
3,36890,cpu_op,0,"[""float"", ""ScalarList"", ""ScalarList"", """"]",aten::as_strided,30902,4.954,1028,"["""", ""[300, 15]"", ""[0, 0]"", """"]",,"[[], [], [], []]","[[], [], [], []]",6935384523352.312,,X
4,36890,cpu_op,0,,autograd::engine::evaluate_function: AddmmBackward0,30902,8134.452,1029,,1895,,,6935384523391.531,1,X
5,36890,cpu_op,0,"[""float""]",AddmmBackward0,30902,8022.267,1030,"[""""]",1895,"[[0, 0]]","[[300, 15]]",6935384523402.895,1,X
6,36890,cpu_op,0,"[""float""]",aten::t,30902,12.287,1031,"[""""]",,"[[1, 50]]","[[50, 15]]",6935384523410.118,,X
7,36890,cpu_op,0,"[""float"", ""Scalar"", ""Scalar""]",aten::transpose,30902,4.787,1032,"["""", ""0"", ""1""]",,"[[1, 50], [], []]","[[50, 15], [], []]",6935384523415.466,,X
8,36890,cpu_op,0,"[""float"", ""ScalarList"", ""ScalarList"", """"]",aten::as_strided,30902,0.842,1033,"["""", ""[15, 50]"", ""[50, 1]"", """"]",,"[[1, 50], [], [], []]","[[50, 15], [], [], []]",6935384523418.667,,X
9,36890,cpu_op,0,"[""float"", ""float""]",aten::mm,30902,728.208,1034,"["""", """"]",,"[[0, 0], [50, 1]]","[[300, 15], [15, 50]]",6935384523428.69,,X
10,36890,cpu_op,0,"[""float"", ""Scalar""]",aten::clone,30902,95.221,1035,"["""", ""0""]",,"[[0, 0], []]","[[300, 15], []]",6935384523454.662,,X
11,36890,cpu_op,0,"[""float"", ""Scalar"", ""Scalar"", """", """", ""Scalar""]",aten::empty_like,30902,22.144,1036,"["""", ""6"", ""0"", """", """", ""0""]",,"[[0, 0], [], [], [], [], []]","[[300, 15], [], [], [], [], []]",6935384523457.506,,X
12,36890,cpu_op,0,"[""ScalarList"", ""Scalar"", ""Scalar"", """", """", ""Scalar""]",aten::empty,30902,16.61,1037,"[""[300, 15]"", ""6"", ""0"", """", """", ""0""]",,"[[], [], [], [], [], []]","[[], [], [], [], [], []]",6935384523461.917,,X
13,36890,cpu_op,0,"[""float"", ""float"", ""Scalar""]",aten::copy_,30902,66.181,1038,"["""", """", ""False""]",,"[[15, 1], [0, 0], []]","[[300, 15], [300, 15], []]",6935384523482.782,,X
14,36890,cpu_op,0,"[""float""]",aten::t,30902,22.726,1039,"[""""]",,"[[0, 0]]","[[300, 15]]",6935384524174.67,,X
15,36890,cpu_op,0,"[""float"", ""Scalar"", ""Scalar""]",aten::transpose,30902,10.778,1040,"["""", ""0"", ""1""]",,"[[0, 0], [], []]","[[300, 15], [], []]",6935384524183.451,,X
16,36890,cpu_op,0,"[""float"", ""ScalarList"", ""ScalarList"", """"]",aten::as_strided,30902,3.58,1041,"["""", ""[15, 300]"", ""[0, 0]"", """"]",,"[[0, 0], [], [], []]","[[300, 15], [], [], []]",6935384524190.059,,X
17,36890,cpu_op,0,"[""float"", ""float""]",aten::mm,30902,7186.489,1042,"["""", """"]",,"[[0, 0], [50, 1]]","[[15, 300], [300, 50]]",6935384524200.776,,X
18,36890,cpu_op,0,"[""float"", ""Scalar""]",aten::clone,30902,53.073,1043,"["""", ""0""]",,"[[0, 0], []]","[[15, 300], []]",6935384524216.437,,X
19,36890,cpu_op,0,"[""float"", ""Scalar"", ""Scalar"", """", """", ""Scalar""]",aten::empty_like,30902,12.331,1044,"["""", ""6"", ""0"", """", """", ""0""]",,"[[0, 0], [], [], [], [], []]","[[15, 300], [], [], [], [], []]",6935384524219.177,,X
20,36890,cpu_op,0,"[""ScalarList"", ""Scalar"", ""Scalar"", """", """", ""Scalar""]",aten::empty,30902,7.127,1045,"[""[15, 300]"", ""6"", ""0"", """", """", ""0""]",,"[[], [], [], [], [], []]","[[], [], [], [], [], []]",6935384524223.201,,X
21,36890,cpu_op,0,"[""float"", ""float"", ""Scalar""]",aten::copy_,30902,34.59,1046,"["""", """", ""False""]",,"[[300, 1], [0, 0], []]","[[15, 300], [15, 300], []]",6935384524234.262,,X
22,36890,cpu_op,0,"[""float""]",aten::t,30902,21.667,1047,"[""""]",,"[[50, 1]]","[[15, 50]]",6935384531399.009,,X
23,36890,cpu_op,0,"[""float"", ""Scalar"", ""Scalar""]",aten::transpose,30902,12.929,1048,"["""", ""0"", ""1""]",,"[[50, 1], [], []]","[[15, 50], [], []]",6935384531404.623,,X
24,36890,cpu_op,0,"[""float"", ""ScalarList"", ""ScalarList"", """"]",aten::as_strided,30902,3.789,1049,"["""", ""[50, 15]"", ""[1, 50]"", """"]",,"[[50, 1], [], [], []]","[[15, 50], [], [], []]",6935384531413.065,,X
25,36890,cpu_op,0,"[""float"", ""ScalarList"", ""Scalar"", """"]",aten::sum,30902,61.986,1050,"["""", ""[0]"", ""True"", """"]",,"[[0, 0], [], [], []]","[[300, 15], [], [], []]",6935384531432.883,,X
26,36890,cpu_op,0,"[""float"", ""ScalarList""]",aten::view,30902,6.144,1051,"["""", ""[15]""]",,"[[15, 1], []]","[[1, 15], []]",6935384531500.725,,X
27,36890,cpu_op,0,,autograd::engine::evaluate_function: torch::autograd::AccumulateGrad,30902,26.747,1052,,,,,6935384531557.869,,X
28,36890,cpu_op,0,"[""float""]",torch::autograd::AccumulateGrad,30902,17.359,1053,"[""""]",,[[1]],[[15]],6935384531562.918,,X
29,36890,cpu_op,0,"[""float""]",aten::detach,30902,8.636,1054,"[""""]",,[[1]],[[15]],6935384531570.559,,X
30,36890,cpu_op,0,"[""float""]",detach,30902,5.818,1055,"[""""]",,[[1]],[[15]],6935384531573.061,,X
31,36890,cpu_op,0,,autograd::engine::evaluate_function: TBackward0,30902,17.835,1056,,1894,,,6935384531592.849,1,X
32,36890,cpu_op,0,"[""float""]",TBackward0,30902,10.941,1057,"[""""]",1894,"[[1, 50]]","[[50, 15]]",6935384531595.84,1,X
33,36890,cpu_op,0,"[""float""]",aten::t,30902,8.415,1058,"[""""]",,"[[1, 50]]","[[50, 15]]",6935384531597.82,,X
34,36890,cpu_op,0,"[""float"", ""Scalar"", ""Scalar""]",aten::transpose,30902,4.448,1059,"["""", ""0"", ""1""]",,"[[1, 50], [], []]","[[50, 15], [], []]",6935384531600.162,,X
35,36890,cpu_op,0,"[""float"", ""ScalarList"", ""ScalarList"", """"]",aten::as_strided,30902,1.176,1060,"["""", ""[15, 50]"", ""[50, 1]"", """"]",,"[[1, 50], [], [], []]","[[50, 15], [], [], []]",6935384531602.924,,X
36,36890,cpu_op,0,,autograd::engine::evaluate_function: torch::autograd::AccumulateGrad,30902,11.072,1061,,,,,6935384531619.173,,X
37,36890,cpu_op,0,"[""float""]",torch::autograd::AccumulateGrad,30902,5.489,1062,"[""""]",,"[[50, 1]]","[[15, 50]]",6935384531622.427,,X
38,36890,cpu_op,0,"[""float""]",aten::detach,30902,3.057,1063,"[""""]",,"[[50, 1]]","[[15, 50]]",6935384531624.291,,X
39,36890,cpu_op,0,"[""float""]",detach,30902,1.411,1064,"[""""]",,"[[50, 1]]","[[15, 50]]",6935384531625.603,,X
40,36890,cpu_op,0,,autograd::engine::evaluate_function: SliceBackward0,30902,144.993,1065,,1893,,,6935384531637.694,1,X
41,36890,cpu_op,0,"[""float""]",SliceBackward0,30902,135.446,1066,"[""""]",1893,"[[50, 1]]","[[300, 50]]",6935384531640.472,1,X
42,36890,cpu_op,0,"[""float"", ""ScalarList"", ""Scalar"", ""Scalar"", ""Scalar"", ""Scalar""]",aten::slice_backward,30902,122.91,1067,"["""", ""[300, 50]"", ""1"", ""0"", ""9223372036854775807"", ""1""]",,"[[50, 1], [], [], [], [], []]","[[300, 50], [], [], [], [], []]",6935384531652.082,,X
43,36890,cpu_op,0,"[""ScalarList"", ""Scalar"", ""Scalar"", """", """"]",aten::zeros,30902,53.526,1068,"[""[300, 50]"", ""6"", ""0"", """", """"]",,"[[], [], [], [], []]","[[], [], [], [], []]",6935384531675.052,,X
44,36890,cpu_op,0,"[""ScalarList"", ""Scalar"", ""Scalar"", """", """", """"]",aten::empty,30902,11.386,1069,"[""[300, 50]"", ""6"", ""0"", """", """", """"]",,"[[], [], [], [], [], []]","[[], [], [], [], [], []]",6935384531678.313,,X
45,36890,cpu_op,0,"[""float""]",aten::zero_,30902,35.106,1070,"[""""]",,"[[50, 1]]","[[300, 50]]",6935384531692.818,,X
46,36890,cpu_op,0,"[""float"", ""Scalar""]",aten::fill_,30902,24.179,1071,"["""", ""0""]",,"[[50, 1], []]","[[300, 50], []]",6935384531702.045,,X
47,36890,cpu_op,0,"[""float"", ""Scalar"", ""Scalar"", ""Scalar"", ""Scalar""]",aten::slice,30902,6.241,1072,"["""", ""1"", ""0"", ""9223372036854775807"", ""1""]",,"[[50, 1], [], [], [], []]","[[300, 50], [], [], [], []]",6935384531733.107,,X
48,36890,cpu_op,0,"[""float"", ""ScalarList"", ""ScalarList"", ""Scalar""]",aten::as_strided,30902,1.311,1073,"["""", ""[300, 50]"", ""[50, 1]"", ""0""]",,"[[50, 1], [], [], []]","[[300, 50], [], [], []]",6935384531737.172,,X
49,36890,cpu_op,0,"[""float"", ""float"", ""Scalar""]",aten::copy_,30902,31.651,1074,"["""", """", ""False""]",,"[[50, 1], [50, 1], []]","[[300, 50], [300, 50], []]",6935384531741.566,,X
50,36890,cpu_op,0,,autograd::engine::evaluate_function: SelectBackward0,30902,100.483,1075,,1892,,,6935384531793.897,1,X
51,36890,cpu_op,0,"[""float""]",SelectBackward0,30902,91.818,1076,"[""""]",1892,"[[50, 1]]","[[300, 50]]",6935384531796.829,1,X
52,36890,cpu_op,0,"[""float"", ""ScalarList"", ""Scalar"", ""Scalar""]",aten::select_backward,30902,79.981,1077,"["""", ""[300, 1000, 50]"", ""1"", ""-1""]",,"[[50, 1], [], [], []]","[[300, 50], [], [], []]",6935384531808.172,,X
53,36890,cpu_op,0,"[""ScalarList"", ""Scalar"", ""Scalar"", """", """"]",aten::zeros,30902,32.74,1078,"[""[300, 1000, 50]"", ""6"", ""0"", """", """"]",,"[[], [], [], [], []]","[[], [], [], [], []]",6935384531820.913,,X
54,36890,cpu_op,0,"[""ScalarList"", ""Scalar"", ""Scalar"", """", """", """"]",aten::empty,30902,8.839,1079,"[""[300, 1000, 50]"", ""6"", ""0"", """", """", """"]",,"[[], [], [], [], [], []]","[[], [], [], [], [], []]",6935384531822.924,,X
55,36890,cpu_op,0,"[""float""]",aten::zero_,30902,19.507,1080,"[""""]",,"[[50000, 50, 1]]","[[300, 1000, 50]]",6935384531833.566,,X
56,36890,cpu_op,0,"[""float"", ""Scalar""]",aten::fill_,30902,15.444,1081,"["""", ""0""]",,"[[50000, 50, 1], []]","[[300, 1000, 50], []]",6935384531835.987,,X
57,36890,cpu_op,0,"[""float"", ""Scalar"", ""Scalar""]",aten::select,30902,8.853,1082,"["""", ""1"", ""-1""]",,"[[50000, 50, 1], [], []]","[[300, 1000, 50], [], []]",6935384531856.503,,X
58,36890,cpu_op,0,"[""float"", ""ScalarList"", ""ScalarList"", ""Scalar""]",aten::as_strided,30902,1.345,1083,"["""", ""[300, 50]"", ""[50000, 1]"", ""49950""]",,"[[50000, 50, 1], [], [], []]","[[300, 1000, 50], [], [], []]",6935384531862.93,,X
59,36890,cpu_op,0,"[""float"", ""float"", ""Scalar""]",aten::copy_,30902,20.108,1084,"["""", """", ""False""]",,"[[50000, 1], [50, 1], []]","[[300, 50], [300, 50], []]",6935384531866.85,,X
60,36890,cpu_op,0,,autograd::engine::evaluate_function: SliceBackward0,30902,82.029,1085,,1891,,,6935384531903.931,1,X
61,36890,cpu_op,0,"[""float""]",SliceBackward0,30902,74.052,1086,"[""""]",1891,"[[50000, 50, 1]]","[[300, 1000, 50]]",6935384531906.738,1,X
62,36890,cpu_op,0,"[""float"", ""ScalarList"", ""Scalar"", ""Scalar"", ""Scalar"", ""Scalar""]",aten::slice_backward,30902,70.662,1087,"["""", ""[300, 1000, 50]"", ""0"", ""0"", ""9223372036854775807"", ""1""]",,"[[50000, 50, 1], [], [], [], [], []]","[[300, 1000, 50], [], [], [], [], []]",6935384531909.462,,X
63,36890,cpu_op,0,"[""ScalarList"", ""Scalar"", ""Scalar"", """", """"]",aten::zeros,30902,28.001,1088,"[""[300, 1000, 50]"", ""6"", ""0"", """", """"]",,"[[], [], [], [], []]","[[], [], [], [], []]",6935384531912.038,,X
64,36890,cpu_op,0,"[""ScalarList"", ""Scalar"", ""Scalar"", """", """", """"]",aten::empty,30902,7.204,1089,"[""[300, 1000, 50]"", ""6"", ""0"", """", """", """"]",,"[[], [], [], [], [], []]","[[], [], [], [], [], []]",6935384531913.715,,X
65,36890,cpu_op,0,"[""float""]",aten::zero_,30902,17.036,1090,"[""""]",,"[[50000, 50, 1]]","[[300, 1000, 50]]",6935384531922.498,,X
66,36890,cpu_op,0,"[""float"", ""Scalar""]",aten::fill_,30902,13.276,1091,"["""", ""0""]",,"[[50000, 50, 1], []]","[[300, 1000, 50], []]",6935384531924.732,,X
67,36890,cpu_op,0,"[""float"", ""Scalar"", ""Scalar"", ""Scalar"", ""Scalar""]",aten::slice,30902,11.058,1092,"["""", ""0"", ""0"", ""9223372036854775807"", ""1""]",,"[[50000, 50, 1], [], [], [], []]","[[300, 1000, 50], [], [], [], []]",6935384531941.972,,X
68,36890,cpu_op,0,"[""float"", ""ScalarList"", ""ScalarList"", ""Scalar""]",aten::as_strided,30902,1.177,1093,"["""", ""[300, 1000, 50]"", ""[50000, 50, 1]"", ""0""]",,"[[50000, 50, 1], [], [], []]","[[300, 1000, 50], [], [], []]",6935384531950.958,,X
69,36890,cpu_op,0,"[""float"", ""float"", ""Scalar""]",aten::copy_,30902,24.218,1094,"["""", """", ""False""]",,"[[50000, 50, 1], [50000, 50, 1], []]","[[300, 1000, 50], [300, 1000, 50], []]",6935384531954.633,,X
70,36890,cpu_op,0,,autograd::engine::evaluate_function: CudnnRnnBackward0,30902,87452.765,1095,,1890,,,6935384531996.339,1,X
71,36890,cpu_op,0,"[""float"", """", """"]",CudnnRnnBackward0,30902,87383.178,1096,"["""", """", """"]",1890,"[[50000, 50, 1], [], []]","[[300, 1000, 50], [], []]",6935384531999.614,1,X
72,36890,cpu_op,0,"[""float"", ""TensorList"", ""Scalar"", ""float"", ""float"", ""float"", ""float"", ""float"", """", """", ""Scalar"", ""Scalar"", ""Scalar"", ""Scalar"", ""Scalar"", ""Scalar"", ""Scalar"", ""Scalar"", ""ScalarList"", """", ""unsigned char"", ""ScalarList""]",aten::_cudnn_rnn_backward,30902,87316.498,1097,"["""", """", ""4"", """", """", """", """", """", """", """", ""2"", ""50"", ""0"", ""10"", ""True"", ""0."", ""True"", ""False"", ""[]"", """", """", ""[False, False, False, True]""]",,"[[10000, 10, 1], [], [], [1], [15000, 50, 1], [15000, 50, 1], [50, 15000, 1], [50000, 50, 1], [], [], [], [], [], [], [], [], [], [], [], [], [1], []]","[[300, 1000, 10], [], [], [196000], [10, 300, 50], [10, 300, 50], [300, 1000, 50], [300, 1000, 50], [], [], [], [], [], [], [], [], [], [], [], [], [3540000256], []]",6935384532054.486,,X
73,36890,cpu_op,0,"[""float"", """", """", """", """", ""Scalar""]",aten::zeros_like,30902,36.872,1098,"["""", """", """", """", """", ""0""]",,"[[15000, 50, 1], [], [], [], [], []]","[[10, 300, 50], [], [], [], [], []]",6935384532072.365,,X
74,36890,cpu_op,0,"[""float"", ""Scalar"", ""Scalar"", """", """", ""Scalar""]",aten::empty_like,30902,11.887,1099,"["""", ""6"", ""0"", """", """", ""0""]",,"[[15000, 50, 1], [], [], [], [], []]","[[10, 300, 50], [], [], [], [], []]",6935384532074.828,,X
75,36890,cpu_op,0,"[""ScalarList"", ""Scalar"", ""Scalar"", """", """", ""Scalar""]",aten::empty,30902,8.188,1100,"[""[10, 300, 50]"", ""6"", ""0"", """", """", ""0""]",,"[[], [], [], [], [], []]","[[], [], [], [], [], []]",6935384532077.59,,X
76,36890,cpu_op,0,"[""float""]",aten::zero_,30902,20.51,1101,"[""""]",,"[[15000, 50, 1]]","[[10, 300, 50]]",6935384532088.294,,X
77,36890,cpu_op,0,"[""float"", ""Scalar""]",aten::fill_,30902,16.628,1102,"["""", ""0""]",,"[[15000, 50, 1], []]","[[10, 300, 50], []]",6935384532090.503,,X
78,36890,cpu_op,0,"[""float"", """", """", """", """", ""Scalar""]",aten::zeros_like,30902,31.372,1103,"["""", """", """", """", """", ""0""]",,"[[15000, 50, 1], [], [], [], [], []]","[[10, 300, 50], [], [], [], [], []]",6935384532111.037,,X
79,36890,cpu_op,0,"[""float"", ""Scalar"", ""Scalar"", """", """", ""Scalar""]",aten::empty_like,30902,13.252,1104,"["""", ""6"", ""0"", """", """", ""0""]",,"[[15000, 50, 1], [], [], [], [], []]","[[10, 300, 50], [], [], [], [], []]",6935384532112.38,,X
80,36890,cpu_op,0,"[""ScalarList"", ""Scalar"", ""Scalar"", """", """", ""Scalar""]",aten::empty,30902,10.855,1105,"[""[10, 300, 50]"", ""6"", ""0"", """", """", ""0""]",,"[[], [], [], [], [], []]","[[], [], [], [], [], []]",6935384532114.176,,X
81,36890,cpu_op,0,"[""float""]",aten::zero_,30902,14.897,1106,"[""""]",,"[[15000, 50, 1]]","[[10, 300, 50]]",6935384532127.07,,X
82,36890,cpu_op,0,"[""float"", ""Scalar""]",aten::fill_,30902,11.552,1107,"["""", ""0""]",,"[[15000, 50, 1], []]","[[10, 300, 50], []]",6935384532128.935,,X
83,36890,cpu_op,0,"[""float"", ""Scalar"", ""Scalar""]",aten::transpose,30902,13.414,1108,"["""", ""0"", ""1""]",,"[[10000, 10, 1], [], []]","[[300, 1000, 10], [], []]",6935384537382.999,,X
84,36890,cpu_op,0,"[""float"", ""ScalarList"", ""ScalarList"", """"]",aten::as_strided,30902,4.427,1109,"["""", ""[1000, 300, 10]"", ""[10, 10000, 1]"", """"]",,"[[10000, 10, 1], [], [], []]","[[300, 1000, 10], [], [], []]",6935384537390.081,,X
85,36890,cpu_op,0,"[""float"", ""Scalar"", ""Scalar""]",aten::transpose,30902,2.735,1110,"["""", ""0"", ""1""]",,"[[50000, 50, 1], [], []]","[[300, 1000, 50], [], []]",6935384537397.951,,X
86,36890,cpu_op,0,"[""float"", ""ScalarList"", ""ScalarList"", """"]",aten::as_strided,30902,0.647,1111,"["""", ""[1000, 300, 50]"", ""[50, 50000, 1]"", """"]",,"[[50000, 50, 1], [], [], []]","[[300, 1000, 50], [], [], []]",6935384537399.643,,X
87,36890,cpu_op,0,"[""float"", ""Scalar"", ""Scalar""]",aten::transpose,30902,2.785,1112,"["""", ""0"", ""1""]",,"[[50, 15000, 1], [], []]","[[300, 1000, 50], [], []]",6935384537402.052,,X
88,36890,cpu_op,0,"[""float"", ""ScalarList"", ""ScalarList"", """"]",aten::as_strided,30902,0.688,1113,"["""", ""[1000, 300, 50]"", ""[15000, 50, 1]"", """"]",,"[[50, 15000, 1], [], [], []]","[[300, 1000, 50], [], [], []]",6935384537403.796,,X
89,36890,cpu_op,0,"[""float"", ""Scalar""]",aten::contiguous,30902,65.455,1114,"["""", ""0""]",,"[[10, 10000, 1], []]","[[1000, 300, 10], []]",6935384537409.318,,X
90,36890,cpu_op,0,"[""float"", ""Scalar""]",aten::clone,30902,62.652,1115,"["""", ""0""]",,"[[10, 10000, 1], []]","[[1000, 300, 10], []]",6935384537411.694,,X
91,36890,cpu_op,0,"[""float"", ""Scalar"", ""Scalar"", """", """", ""Scalar""]",aten::empty_like,30902,19.966,1116,"["""", ""6"", ""0"", """", """", ""0""]",,"[[10, 10000, 1], [], [], [], [], []]","[[1000, 300, 10], [], [], [], [], []]",6935384537414.436,,X
92,36890,cpu_op,0,"[""ScalarList"", ""Scalar"", ""Scalar"", """", """", ""Scalar""]",aten::empty,30902,15.124,1117,"[""[1000, 300, 10]"", ""6"", ""0"", """", """", ""0""]",,"[[], [], [], [], [], []]","[[], [], [], [], [], []]",6935384537418.009,,X
93,36890,cpu_op,0,"[""float"", ""float"", ""Scalar""]",aten::copy_,30902,36.879,1118,"["""", """", ""False""]",,"[[3000, 10, 1], [10, 10000, 1], []]","[[1000, 300, 10], [1000, 300, 10], []]",6935384537436.752,,X
94,36890,cpu_op,0,"[""float"", ""Scalar""]",aten::contiguous,30902,34.631,1119,"["""", ""0""]",,"[[50, 50000, 1], []]","[[1000, 300, 50], []]",6935384537476.654,,X
95,36890,cpu_op,0,"[""float"", ""Scalar""]",aten::clone,30902,32.949,1120,"["""", ""0""]",,"[[50, 50000, 1], []]","[[1000, 300, 50], []]",6935384537477.951,,X
96,36890,cpu_op,0,"[""float"", ""Scalar"", ""Scalar"", """", """", ""Scalar""]",aten::empty_like,30902,13.985,1121,"["""", ""6"", ""0"", """", """", ""0""]",,"[[50, 50000, 1], [], [], [], [], []]","[[1000, 300, 50], [], [], [], [], []]",6935384537479.137,,X
97,36890,cpu_op,0,"[""ScalarList"", ""Scalar"", ""Scalar"", """", """", ""Scalar""]",aten::empty,30902,11.236,1122,"[""[1000, 300, 50]"", ""6"", ""0"", """", """", ""0""]",,"[[], [], [], [], [], []]","[[], [], [], [], [], []]",6935384537481.16,,X
98,36890,cpu_op,0,"[""float"", ""float"", ""Scalar""]",aten::copy_,30902,15.598,1123,"["""", """", ""False""]",,"[[15000, 50, 1], [50, 50000, 1], []]","[[1000, 300, 50], [1000, 300, 50], []]",6935384537494.682,,X
99,36890,cpu_op,0,"[""ScalarList"", ""Scalar"", ""Scalar"", """", """", """"]",aten::empty,30902,6.957,1124,"[""[1000, 300, 10]"", ""6"", ""0"", """", """", """"]",,"[[], [], [], [], [], []]","[[], [], [], [], [], []]",6935384537514.491,,X
100,36890,cpu_op,0,"[""float"", ""ScalarList""]",aten::view,30902,2.097,1125,"["""", ""[10, 300, 50]""]",,"[[15000, 50, 1], []]","[[10, 300, 50], []]",6935384537524.49,,X
101,36890,cpu_op,0,"[""float"", ""ScalarList""]",aten::view,30902,0.541,1126,"["""", ""[10, 300, 50]""]",,"[[15000, 50, 1], []]","[[10, 300, 50], []]",6935384537528.318,,X
102,36890,cpu_op,0,"[""ScalarList"", ""Scalar"", ""Scalar"", """", """", """"]",aten::empty,30902,6.448,1127,"[""[10, 300, 50]"", ""6"", ""0"", """", """", """"]",,"[[], [], [], [], [], []]","[[], [], [], [], [], []]",6935384537530.795,,X
103,36890,cpu_op,0,"[""ScalarList"", ""Scalar"", ""Scalar"", """", """", """"]",aten::empty,30902,6.151,1128,"[""[10, 300, 50]"", ""6"", ""0"", """", """", """"]",,"[[], [], [], [], [], []]","[[], [], [], [], [], []]",6935384537539.137,,X
104,36890,cpu_op,0,"[""ScalarList"", ""Scalar"", ""Scalar"", """", """", """"]",aten::empty,30902,8.595,1129,"[""[1277571872]"", ""0"", ""0"", """", """", """"]",,"[[], [], [], [], [], []]","[[], [], [], [], [], []]",6935384537687.338,,X
105,36890,cpu_op,0,"[""float"", ""Scalar"", ""Scalar""]",aten::transpose_,30902,21.256,1130,"["""", ""0"", ""1""]",,"[[3000, 10, 1], [], []]","[[1000, 300, 10], [], []]",6935384554052.825,,X
106,36890,cpu_op,0,"[""float"", ""ScalarList"", ""ScalarList"", """"]",aten::as_strided_,30902,10.289,1131,"["""", ""[300, 1000, 10]"", ""[10, 3000, 1]"", """"]",,"[[3000, 10, 1], [], [], []]","[[1000, 300, 10], [], [], []]",6935384554061.766,,X
107,36890,cpu_op,0,"[""float"", ""Scalar"", ""Scalar""]",aten::transpose,30902,9.096,1132,"["""", ""0"", ""1""]",,"[[10000, 10, 1], [], []]","[[300, 1000, 10], [], []]",6935384554109.064,,X
108,36890,cpu_op,0,"[""float"", ""ScalarList"", ""ScalarList"", """"]",aten::as_strided,30902,3.821,1133,"["""", ""[1000, 300, 10]"", ""[10, 10000, 1]"", """"]",,"[[10000, 10, 1], [], [], []]","[[300, 1000, 10], [], [], []]",6935384554113.672,,X
109,36890,cpu_op,0,"[""float"", ""Scalar"", ""Scalar""]",aten::transpose,30902,3.365,1134,"["""", ""0"", ""1""]",,"[[50, 15000, 1], [], []]","[[300, 1000, 50], [], []]",6935384554119.618,,X
110,36890,cpu_op,0,"[""float"", ""ScalarList"", ""ScalarList"", """"]",aten::as_strided,30902,0.638,1135,"["""", ""[1000, 300, 50]"", ""[15000, 50, 1]"", """"]",,"[[50, 15000, 1], [], [], []]","[[300, 1000, 50], [], [], []]",6935384554121.964,,X
111,36890,cpu_op,0,"[""float"", ""Scalar""]",aten::contiguous,30902,71.525,1136,"["""", ""0""]",,"[[10, 10000, 1], []]","[[1000, 300, 10], []]",6935384554127.454,,X
112,36890,cpu_op,0,"[""float"", ""Scalar""]",aten::clone,30902,68.723,1137,"["""", ""0""]",,"[[10, 10000, 1], []]","[[1000, 300, 10], []]",6935384554129.805,,X
113,36890,cpu_op,0,"[""float"", ""Scalar"", ""Scalar"", """", """", ""Scalar""]",aten::empty_like,30902,19.829,1138,"["""", ""6"", ""0"", """", """", ""0""]",,"[[10, 10000, 1], [], [], [], [], []]","[[1000, 300, 10], [], [], [], [], []]",6935384554132.842,,X
114,36890,cpu_op,0,"[""ScalarList"", ""Scalar"", ""Scalar"", """", """", ""Scalar""]",aten::empty,30902,14.315,1139,"[""[1000, 300, 10]"", ""6"", ""0"", """", """", ""0""]",,"[[], [], [], [], [], []]","[[], [], [], [], [], []]",6935384554137.089,,X
115,36890,cpu_op,0,"[""float"", ""float"", ""Scalar""]",aten::copy_,30902,42.7,1140,"["""", """", ""False""]",,"[[3000, 10, 1], [10, 10000, 1], []]","[[1000, 300, 10], [1000, 300, 10], []]",6935384554155.174,,X
116,36890,cpu_op,0,"[""ScalarList"", ""Scalar"", ""Scalar"", """", """"]",aten::zeros,30902,37.548,1141,"[""[196000]"", ""6"", ""0"", """", """"]",,"[[], [], [], [], []]","[[], [], [], [], []]",6935384554203.168,,X
117,36890,cpu_op,0,"[""ScalarList"", ""Scalar"", ""Scalar"", """", """", """"]",aten::empty,30902,7.67,1142,"[""[196000]"", ""6"", ""0"", """", """", """"]",,"[[], [], [], [], [], []]","[[], [], [], [], [], []]",6935384554206.175,,X
118,36890,cpu_op,0,"[""float""]",aten::zero_,30902,23.805,1143,"[""""]",,[[1]],[[196000]],6935384554216.338,,X
119,36890,cpu_op,0,"[""float"", ""Scalar""]",aten::fill_,30902,18.291,1144,"["""", ""0""]",,"[[1], []]","[[196000], []]",6935384554219.853,,X
120,36890,cpu_op,0,"[""ScalarList"", ""Scalar"", ""Scalar"", """", """", """"]",aten::empty,30902,7.891,1145,"[""[1277571872]"", ""0"", ""0"", """", """", """"]",,"[[], [], [], [], [], []]","[[], [], [], [], [], []]",6935384554348.382,,X
121,36890,cpu_op,0,"[""ScalarList"", ""Scalar"", ""Scalar"", """", """", """"]",aten::empty,30902,17.731,1146,"[""[0]"", ""6"", ""0"", """", """", """"]",,"[[], [], [], [], [], []]","[[], [], [], [], [], []]",6935384616419.484,,X
122,36890,cpu_op,0,"[""float"", """", ""Scalar"", ""ScalarList"", ""ScalarList""]",aten::set_,30902,7.902,1147,"["""", """", ""0"", ""[2000, 1]"", ""[]""]",,"[[1], [], [], [], []]","[[0], [], [], [], []]",6935384616445.893,,X
123,36890,cpu_op,0,"[""ScalarList"", ""Scalar"", ""Scalar"", """", """", """"]",aten::empty,30902,4.653,1148,"[""[0]"", ""6"", ""0"", """", """", """"]",,"[[], [], [], [], [], []]","[[], [], [], [], [], []]",6935384616514.326,,X
124,36890,cpu_op,0,"[""float"", """", ""Scalar"", ""ScalarList"", ""ScalarList""]",aten::set_,30902,0.546,1149,"["""", """", ""2000"", ""[10000, 1]"", ""[]""]",,"[[1], [], [], [], []]","[[0], [], [], [], []]",6935384616521.799,,X
125,36890,cpu_op,0,"[""ScalarList"", ""Scalar"", ""Scalar"", """", """", """"]",aten::empty,30902,4.59,1150,"[""[0]"", ""6"", ""0"", """", """", """"]",,"[[], [], [], [], [], []]","[[], [], [], [], [], []]",6935384616580.948,,X
126,36890,cpu_op,0,"[""float"", """", ""Scalar"", ""ScalarList"", ""ScalarList""]",aten::set_,30902,0.593,1151,"["""", """", ""192000"", ""[200, 1]"", ""[]""]",,"[[1], [], [], [], []]","[[0], [], [], [], []]",6935384616588.136,,X
127,36890,cpu_op,0,"[""ScalarList"", ""Scalar"", ""Scalar"", """", """", """"]",aten::empty,30902,4.65,1152,"[""[0]"", ""6"", ""0"", """", """", """"]",,"[[], [], [], [], [], []]","[[], [], [], [], [], []]",6935384616648.468,,X
128,36890,cpu_op,0,"[""float"", """", ""Scalar"", ""ScalarList"", ""ScalarList""]",aten::set_,30902,0.648,1153,"["""", """", ""192200"", ""[200, 1]"", ""[]""]",,"[[1], [], [], [], []]","[[0], [], [], [], []]",6935384616655.485,,X
129,36890,cpu_op,0,"[""ScalarList"", ""Scalar"", ""Scalar"", """", """", """"]",aten::empty,30902,4.563,1154,"[""[0]"", ""6"", ""0"", """", """", """"]",,"[[], [], [], [], [], []]","[[], [], [], [], [], []]",6935384616716.47,,X
130,36890,cpu_op,0,"[""float"", """", ""Scalar"", ""ScalarList"", ""ScalarList""]",aten::set_,30902,0.486,1155,"["""", """", ""12000"", ""[10000, 1]"", ""[]""]",,"[[1], [], [], [], []]","[[0], [], [], [], []]",6935384616723.381,,X
131,36890,cpu_op,0,"[""ScalarList"", ""Scalar"", ""Scalar"", """", """", """"]",aten::empty,30902,5.4,1156,"[""[0]"", ""6"", ""0"", """", """", """"]",,"[[], [], [], [], [], []]","[[], [], [], [], [], []]",6935384616784.725,,X
132,36890,cpu_op,0,"[""float"", """", ""Scalar"", ""ScalarList"", ""ScalarList""]",aten::set_,30902,0.495,1157,"["""", """", ""22000"", ""[10000, 1]"", ""[]""]",,"[[1], [], [], [], []]","[[0], [], [], [], []]",6935384616792.562,,X
133,36890,cpu_op,0,"[""ScalarList"", ""Scalar"", ""Scalar"", """", """", """"]",aten::empty,30902,5.314,1158,"[""[0]"", ""6"", ""0"", """", """", """"]",,"[[], [], [], [], [], []]","[[], [], [], [], [], []]",6935384616854.054,,X
134,36890,cpu_op,0,"[""float"", """", ""Scalar"", ""ScalarList"", ""ScalarList""]",aten::set_,30902,0.479,1159,"["""", """", ""192400"", ""[200, 1]"", ""[]""]",,"[[1], [], [], [], []]","[[0], [], [], [], []]",6935384616861.556,,X
135,36890,cpu_op,0,"[""ScalarList"", ""Scalar"", ""Scalar"", """", """", """"]",aten::empty,30902,4.503,1160,"[""[0]"", ""6"", ""0"", """", """", """"]",,"[[], [], [], [], [], []]","[[], [], [], [], [], []]",6935384616924.064,,X
136,36890,cpu_op,0,"[""float"", """", ""Scalar"", ""ScalarList"", ""ScalarList""]",aten::set_,30902,0.484,1161,"["""", """", ""192600"", ""[200, 1]"", ""[]""]",,"[[1], [], [], [], []]","[[0], [], [], [], []]",6935384616930.767,,X
137,36890,cpu_op,0,"[""ScalarList"", ""Scalar"", ""Scalar"", """", """", """"]",aten::empty,30902,4.48,1162,"[""[0]"", ""6"", ""0"", """", """", """"]",,"[[], [], [], [], [], []]","[[], [], [], [], [], []]",6935384616993.833,,X
138,36890,cpu_op,0,"[""float"", """", ""Scalar"", ""ScalarList"", ""ScalarList""]",aten::set_,30902,0.483,1163,"["""", """", ""32000"", ""[10000, 1]"", ""[]""]",,"[[1], [], [], [], []]","[[0], [], [], [], []]",6935384617000.554,,X
139,36890,cpu_op,0,"[""ScalarList"", ""Scalar"", ""Scalar"", """", """", """"]",aten::empty,30902,4.49,1164,"[""[0]"", ""6"", ""0"", """", """", """"]",,"[[], [], [], [], [], []]","[[], [], [], [], [], []]",6935384617061.654,,X
140,36890,cpu_op,0,"[""float"", """", ""Scalar"", ""ScalarList"", ""ScalarList""]",aten::set_,30902,0.489,1165,"["""", """", ""42000"", ""[10000, 1]"", ""[]""]",,"[[1], [], [], [], []]","[[0], [], [], [], []]",6935384617068.592,,X
141,36890,cpu_op,0,"[""ScalarList"", ""Scalar"", ""Scalar"", """", """", """"]",aten::empty,30902,4.549,1166,"[""[0]"", ""6"", ""0"", """", """", """"]",,"[[], [], [], [], [], []]","[[], [], [], [], [], []]",6935384617131.264,,X
142,36890,cpu_op,0,"[""float"", """", ""Scalar"", ""ScalarList"", ""ScalarList""]",aten::set_,30902,0.44,1167,"["""", """", ""192800"", ""[200, 1]"", ""[]""]",,"[[1], [], [], [], []]","[[0], [], [], [], []]",6935384617138.408,,X
143,36890,cpu_op,0,"[""ScalarList"", ""Scalar"", ""Scalar"", """", """", """"]",aten::empty,30902,4.533,1168,"[""[0]"", ""6"", ""0"", """", """", """"]",,"[[], [], [], [], [], []]","[[], [], [], [], [], []]",6935384617202.306,,X
144,36890,cpu_op,0,"[""float"", """", ""Scalar"", ""ScalarList"", ""ScalarList""]",aten::set_,30902,0.44,1169,"["""", """", ""193000"", ""[200, 1]"", ""[]""]",,"[[1], [], [], [], []]","[[0], [], [], [], []]",6935384617209.461,,X
145,36890,cpu_op,0,"[""ScalarList"", ""Scalar"", ""Scalar"", """", """", """"]",aten::empty,30902,4.524,1170,"[""[0]"", ""6"", ""0"", """", """", """"]",,"[[], [], [], [], [], []]","[[], [], [], [], [], []]",6935384617272.287,,X
146,36890,cpu_op,0,"[""float"", """", ""Scalar"", ""ScalarList"", ""ScalarList""]",aten::set_,30902,0.483,1171,"["""", """", ""52000"", ""[10000, 1]"", ""[]""]",,"[[1], [], [], [], []]","[[0], [], [], [], []]",6935384617278.842,,X
147,36890,cpu_op,0,"[""ScalarList"", ""Scalar"", ""Scalar"", """", """", """"]",aten::empty,30902,4.552,1172,"[""[0]"", ""6"", ""0"", """", """", """"]",,"[[], [], [], [], [], []]","[[], [], [], [], [], []]",6935384617339.793,,X
148,36890,cpu_op,0,"[""float"", """", ""Scalar"", ""ScalarList"", ""ScalarList""]",aten::set_,30902,0.603,1173,"["""", """", ""62000"", ""[10000, 1]"", ""[]""]",,"[[1], [], [], [], []]","[[0], [], [], [], []]",6935384617346.367,,X
149,36890,cpu_op,0,"[""ScalarList"", ""Scalar"", ""Scalar"", """", """", """"]",aten::empty,30902,4.912,1174,"[""[0]"", ""6"", ""0"", """", """", """"]",,"[[], [], [], [], [], []]","[[], [], [], [], [], []]",6935384617409.245,,X
150,36890,cpu_op,0,"[""float"", """", ""Scalar"", ""ScalarList"", ""ScalarList""]",aten::set_,30902,0.481,1175,"["""", """", ""193200"", ""[200, 1]"", ""[]""]",,"[[1], [], [], [], []]","[[0], [], [], [], []]",6935384617416.194,,X
151,36890,cpu_op,0,"[""ScalarList"", ""Scalar"", ""Scalar"", """", """", """"]",aten::empty,30902,5.56,1176,"[""[0]"", ""6"", ""0"", """", """", """"]",,"[[], [], [], [], [], []]","[[], [], [], [], [], []]",6935384617480.548,,X
152,36890,cpu_op,0,"[""float"", """", ""Scalar"", ""ScalarList"", ""ScalarList""]",aten::set_,30902,0.5,1177,"["""", """", ""193400"", ""[200, 1]"", ""[]""]",,"[[1], [], [], [], []]","[[0], [], [], [], []]",6935384617488.333,,X
153,36890,cpu_op,0,"[""ScalarList"", ""Scalar"", ""Scalar"", """", """", """"]",aten::empty,30902,14.949,1178,"[""[0]"", ""6"", ""0"", """", """", """"]",,"[[], [], [], [], [], []]","[[], [], [], [], [], []]",6935384617551.414,,X
154,36890,cpu_op,0,"[""float"", """", ""Scalar"", ""ScalarList"", ""ScalarList""]",aten::set_,30902,0.547,1179,"["""", """", ""72000"", ""[10000, 1]"", ""[]""]",,"[[1], [], [], [], []]","[[0], [], [], [], []]",6935384617568.598,,X
155,36890,cpu_op,0,"[""ScalarList"", ""Scalar"", ""Scalar"", """", """", """"]",aten::empty,30902,4.528,1180,"[""[0]"", ""6"", ""0"", """", """", """"]",,"[[], [], [], [], [], []]","[[], [], [], [], [], []]",6935384617629.508,,X
156,36890,cpu_op,0,"[""float"", """", ""Scalar"", ""ScalarList"", ""ScalarList""]",aten::set_,30902,0.509,1181,"["""", """", ""82000"", ""[10000, 1]"", ""[]""]",,"[[1], [], [], [], []]","[[0], [], [], [], []]",6935384617636.059,,X
157,36890,cpu_op,0,"[""ScalarList"", ""Scalar"", ""Scalar"", """", """", """"]",aten::empty,30902,4.555,1182,"[""[0]"", ""6"", ""0"", """", """", """"]",,"[[], [], [], [], [], []]","[[], [], [], [], [], []]",6935384617698.457,,X
158,36890,cpu_op,0,"[""float"", """", ""Scalar"", ""ScalarList"", ""ScalarList""]",aten::set_,30902,0.481,1183,"["""", """", ""193600"", ""[200, 1]"", ""[]""]",,"[[1], [], [], [], []]","[[0], [], [], [], []]",6935384617705.042,,X
159,36890,cpu_op,0,"[""ScalarList"", ""Scalar"", ""Scalar"", """", """", """"]",aten::empty,30902,4.573,1184,"[""[0]"", ""6"", ""0"", """", """", """"]",,"[[], [], [], [], [], []]","[[], [], [], [], [], []]",6935384617768.144,,X
160,36890,cpu_op,0,"[""float"", """", ""Scalar"", ""ScalarList"", ""ScalarList""]",aten::set_,30902,0.483,1185,"["""", """", ""193800"", ""[200, 1]"", ""[]""]",,"[[1], [], [], [], []]","[[0], [], [], [], []]",6935384617774.746,,X
161,36890,cpu_op,0,"[""ScalarList"", ""Scalar"", ""Scalar"", """", """", """"]",aten::empty,30902,4.509,1186,"[""[0]"", ""6"", ""0"", """", """", """"]",,"[[], [], [], [], [], []]","[[], [], [], [], [], []]",6935384617836.986,,X
162,36890,cpu_op,0,"[""float"", """", ""Scalar"", ""ScalarList"", ""ScalarList""]",aten::set_,30902,0.499,1187,"["""", """", ""92000"", ""[10000, 1]"", ""[]""]",,"[[1], [], [], [], []]","[[0], [], [], [], []]",6935384617843.519,,X
163,36890,cpu_op,0,"[""ScalarList"", ""Scalar"", ""Scalar"", """", """", """"]",aten::empty,30902,4.541,1188,"[""[0]"", ""6"", ""0"", """", """", """"]",,"[[], [], [], [], [], []]","[[], [], [], [], [], []]",6935384617904.006,,X
164,36890,cpu_op,0,"[""float"", """", ""Scalar"", ""ScalarList"", ""ScalarList""]",aten::set_,30902,0.483,1189,"["""", """", ""102000"", ""[10000, 1]"", ""[]""]",,"[[1], [], [], [], []]","[[0], [], [], [], []]",6935384617910.835,,X
165,36890,cpu_op,0,"[""ScalarList"", ""Scalar"", ""Scalar"", """", """", """"]",aten::empty,30902,4.544,1190,"[""[0]"", ""6"", ""0"", """", """", """"]",,"[[], [], [], [], [], []]","[[], [], [], [], [], []]",6935384617972.959,,X
166,36890,cpu_op,0,"[""float"", """", ""Scalar"", ""ScalarList"", ""ScalarList""]",aten::set_,30902,0.482,1191,"["""", """", ""194000"", ""[200, 1]"", ""[]""]",,"[[1], [], [], [], []]","[[0], [], [], [], []]",6935384617979.554,,X
167,36890,cpu_op,0,"[""ScalarList"", ""Scalar"", ""Scalar"", """", """", """"]",aten::empty,30902,4.867,1192,"[""[0]"", ""6"", ""0"", """", """", """"]",,"[[], [], [], [], [], []]","[[], [], [], [], [], []]",6935384618042.615,,X
168,36890,cpu_op,0,"[""float"", """", ""Scalar"", ""ScalarList"", ""ScalarList""]",aten::set_,30902,0.431,1193,"["""", """", ""194200"", ""[200, 1]"", ""[]""]",,"[[1], [], [], [], []]","[[0], [], [], [], []]",6935384618049.925,,X
169,36890,cpu_op,0,"[""ScalarList"", ""Scalar"", ""Scalar"", """", """", """"]",aten::empty,30902,4.58,1194,"[""[0]"", ""6"", ""0"", """", """", """"]",,"[[], [], [], [], [], []]","[[], [], [], [], [], []]",6935384618113.208,,X
170,36890,cpu_op,0,"[""float"", """", ""Scalar"", ""ScalarList"", ""ScalarList""]",aten::set_,30902,0.481,1195,"["""", """", ""112000"", ""[10000, 1]"", ""[]""]",,"[[1], [], [], [], []]","[[0], [], [], [], []]",6935384618119.916,,X
171,36890,cpu_op,0,"[""ScalarList"", ""Scalar"", ""Scalar"", """", """", """"]",aten::empty,30902,4.595,1196,"[""[0]"", ""6"", ""0"", """", """", """"]",,"[[], [], [], [], [], []]","[[], [], [], [], [], []]",6935384618180.765,,X
172,36890,cpu_op,0,"[""float"", """", ""Scalar"", ""ScalarList"", ""ScalarList""]",aten::set_,30902,0.481,1197,"["""", """", ""122000"", ""[10000, 1]"", ""[]""]",,"[[1], [], [], [], []]","[[0], [], [], [], []]",6935384618187.39,,X
173,36890,cpu_op,0,"[""ScalarList"", ""Scalar"", ""Scalar"", """", """", """"]",aten::empty,30902,4.626,1198,"[""[0]"", ""6"", ""0"", """", """", """"]",,"[[], [], [], [], [], []]","[[], [], [], [], [], []]",6935384618250.069,,X
174,36890,cpu_op,0,"[""float"", """", ""Scalar"", ""ScalarList"", ""ScalarList""]",aten::set_,30902,0.499,1199,"["""", """", ""194400"", ""[200, 1]"", ""[]""]",,"[[1], [], [], [], []]","[[0], [], [], [], []]",6935384618256.732,,X
175,36890,cpu_op,0,"[""ScalarList"", ""Scalar"", ""Scalar"", """", """", """"]",aten::empty,30902,4.538,1200,"[""[0]"", ""6"", ""0"", """", """", """"]",,"[[], [], [], [], [], []]","[[], [], [], [], [], []]",6935384618320.886,,X
176,36890,cpu_op,0,"[""float"", """", ""Scalar"", ""ScalarList"", ""ScalarList""]",aten::set_,30902,0.481,1201,"["""", """", ""194600"", ""[200, 1]"", ""[]""]",,"[[1], [], [], [], []]","[[0], [], [], [], []]",6935384618327.454,,X
177,36890,cpu_op,0,"[""ScalarList"", ""Scalar"", ""Scalar"", """", """", """"]",aten::empty,30902,4.543,1202,"[""[0]"", ""6"", ""0"", """", """", """"]",,"[[], [], [], [], [], []]","[[], [], [], [], [], []]",6935384618390.188,,X
178,36890,cpu_op,0,"[""float"", """", ""Scalar"", ""ScalarList"", ""ScalarList""]",aten::set_,30902,0.501,1203,"["""", """", ""132000"", ""[10000, 1]"", ""[]""]",,"[[1], [], [], [], []]","[[0], [], [], [], []]",6935384618396.763,,X
179,36890,cpu_op,0,"[""ScalarList"", ""Scalar"", ""Scalar"", """", """", """"]",aten::empty,30902,4.534,1204,"[""[0]"", ""6"", ""0"", """", """", """"]",,"[[], [], [], [], [], []]","[[], [], [], [], [], []]",6935384618458.01,,X
180,36890,cpu_op,0,"[""float"", """", ""Scalar"", ""ScalarList"", ""ScalarList""]",aten::set_,30902,0.48,1205,"["""", """", ""142000"", ""[10000, 1]"", ""[]""]",,"[[1], [], [], [], []]","[[0], [], [], [], []]",6935384618464.581,,X
181,36890,cpu_op,0,"[""ScalarList"", ""Scalar"", ""Scalar"", """", """", """"]",aten::empty,30902,4.563,1206,"[""[0]"", ""6"", ""0"", """", """", """"]",,"[[], [], [], [], [], []]","[[], [], [], [], [], []]",6935384618526.541,,X
182,36890,cpu_op,0,"[""float"", """", ""Scalar"", ""ScalarList"", ""ScalarList""]",aten::set_,30902,0.482,1207,"["""", """", ""194800"", ""[200, 1]"", ""[]""]",,"[[1], [], [], [], []]","[[0], [], [], [], []]",6935384618533.159,,X
183,36890,cpu_op,0,"[""ScalarList"", ""Scalar"", ""Scalar"", """", """", """"]",aten::empty,30902,4.537,1208,"[""[0]"", ""6"", ""0"", """", """", """"]",,"[[], [], [], [], [], []]","[[], [], [], [], [], []]",6935384618596.124,,X
184,36890,cpu_op,0,"[""float"", """", ""Scalar"", ""ScalarList"", ""ScalarList""]",aten::set_,30902,0.502,1209,"["""", """", ""195000"", ""[200, 1]"", ""[]""]",,"[[1], [], [], [], []]","[[0], [], [], [], []]",6935384618602.907,,X
185,36890,cpu_op,0,"[""ScalarList"", ""Scalar"", ""Scalar"", """", """", """"]",aten::empty,30902,4.697,1210,"[""[0]"", ""6"", ""0"", """", """", """"]",,"[[], [], [], [], [], []]","[[], [], [], [], [], []]",6935384618665.711,,X
186,36890,cpu_op,0,"[""float"", """", ""Scalar"", ""ScalarList"", ""ScalarList""]",aten::set_,30902,0.5,1211,"["""", """", ""152000"", ""[10000, 1]"", ""[]""]",,"[[1], [], [], [], []]","[[0], [], [], [], []]",6935384618672.434,,X
187,36890,cpu_op,0,"[""ScalarList"", ""Scalar"", ""Scalar"", """", """", """"]",aten::empty,30902,5.641,1212,"[""[0]"", ""6"", ""0"", """", """", """"]",,"[[], [], [], [], [], []]","[[], [], [], [], [], []]",6935384618733.217,,X
188,36890,cpu_op,0,"[""float"", """", ""Scalar"", ""ScalarList"", ""ScalarList""]",aten::set_,30902,0.49,1213,"["""", """", ""162000"", ""[10000, 1]"", ""[]""]",,"[[1], [], [], [], []]","[[0], [], [], [], []]",6935384618741.096,,X
189,36890,cpu_op,0,"[""ScalarList"", ""Scalar"", ""Scalar"", """", """", """"]",aten::empty,30902,4.842,1214,"[""[0]"", ""6"", ""0"", """", """", """"]",,"[[], [], [], [], [], []]","[[], [], [], [], [], []]",6935384618802.219,,X
190,36890,cpu_op,0,"[""float"", """", ""Scalar"", ""ScalarList"", ""ScalarList""]",aten::set_,30902,0.485,1215,"["""", """", ""195200"", ""[200, 1]"", ""[]""]",,"[[1], [], [], [], []]","[[0], [], [], [], []]",6935384618809.155,,X
191,36890,cpu_op,0,"[""ScalarList"", ""Scalar"", ""Scalar"", """", """", """"]",aten::empty,30902,4.501,1216,"[""[0]"", ""6"", ""0"", """", """", """"]",,"[[], [], [], [], [], []]","[[], [], [], [], [], []]",6935384618872.695,,X
192,36890,cpu_op,0,"[""float"", """", ""Scalar"", ""ScalarList"", ""ScalarList""]",aten::set_,30902,0.491,1217,"["""", """", ""195400"", ""[200, 1]"", ""[]""]",,"[[1], [], [], [], []]","[[0], [], [], [], []]",6935384618879.239,,X
193,36890,cpu_op,0,"[""ScalarList"", ""Scalar"", ""Scalar"", """", """", """"]",aten::empty,30902,4.587,1218,"[""[0]"", ""6"", ""0"", """", """", """"]",,"[[], [], [], [], [], []]","[[], [], [], [], [], []]",6935384618942.509,,X
194,36890,cpu_op,0,"[""float"", """", ""Scalar"", ""ScalarList"", ""ScalarList""]",aten::set_,30902,0.481,1219,"["""", """", ""172000"", ""[10000, 1]"", ""[]""]",,"[[1], [], [], [], []]","[[0], [], [], [], []]",6935384618949.287,,X
195,36890,cpu_op,0,"[""ScalarList"", ""Scalar"", ""Scalar"", """", """", """"]",aten::empty,30902,4.724,1220,"[""[0]"", ""6"", ""0"", """", """", """"]",,"[[], [], [], [], [], []]","[[], [], [], [], [], []]",6935384619009.599,,X
196,36890,cpu_op,0,"[""float"", """", ""Scalar"", ""ScalarList"", ""ScalarList""]",aten::set_,30902,0.481,1221,"["""", """", ""182000"", ""[10000, 1]"", ""[]""]",,"[[1], [], [], [], []]","[[0], [], [], [], []]",6935384619016.472,,X
197,36890,cpu_op,0,"[""ScalarList"", ""Scalar"", ""Scalar"", """", """", """"]",aten::empty,30902,4.576,1222,"[""[0]"", ""6"", ""0"", """", """", """"]",,"[[], [], [], [], [], []]","[[], [], [], [], [], []]",6935384619078.994,,X
198,36890,cpu_op,0,"[""float"", """", ""Scalar"", ""ScalarList"", ""ScalarList""]",aten::set_,30902,0.482,1223,"["""", """", ""195600"", ""[200, 1]"", ""[]""]",,"[[1], [], [], [], []]","[[0], [], [], [], []]",6935384619085.621,,X
199,36890,cpu_op,0,"[""ScalarList"", ""Scalar"", ""Scalar"", """", """", """"]",aten::empty,30902,4.523,1224,"[""[0]"", ""6"", ""0"", """", """", """"]",,"[[], [], [], [], [], []]","[[], [], [], [], [], []]",6935384619148.509,,X
200,36890,cpu_op,0,"[""float"", """", ""Scalar"", ""ScalarList"", ""ScalarList""]",aten::set_,30902,0.487,1225,"["""", """", ""195800"", ""[200, 1]"", ""[]""]",,"[[1], [], [], [], []]","[[0], [], [], [], []]",6935384619155.112,,X
201,36890,cpu_op,0,"[""float"", ""float"", """"]",aten::resize_as_,30902,8.684,1226,"["""", """", """"]",,"[[1, 1], [10, 1], []]","[[2000, 1], [200, 10], []]",6935384619217.628,,X
202,36890,cpu_op,0,"[""float"", ""ScalarList"", """"]",aten::resize_,30902,2.785,1227,"["""", ""[200, 10]"", """"]",,"[[1, 1], [], []]","[[2000, 1], [], []]",6935384619222.223,,X
203,36890,cpu_op,0,"[""float"", ""float"", """"]",aten::resize_as_,30902,1.844,1228,"["""", """", """"]",,"[[1, 1], [50, 1], []]","[[10000, 1], [200, 50], []]",6935384619227.927,,X
204,36890,cpu_op,0,"[""float"", ""ScalarList"", """"]",aten::resize_,30902,0.299,1229,"["""", ""[200, 50]"", """"]",,"[[1, 1], [], []]","[[10000, 1], [], []]",6935384619229.145,,X
205,36890,cpu_op,0,"[""float"", ""float"", """"]",aten::resize_as_,30902,1.96,1230,"["""", """", """"]",,"[[1, 1], [1], []]","[[200, 1], [200], []]",6935384619231.151,,X
206,36890,cpu_op,0,"[""float"", ""ScalarList"", """"]",aten::resize_,30902,0.449,1231,"["""", ""[200]"", """"]",,"[[1, 1], [], []]","[[200, 1], [], []]",6935384619232.389,,X
207,36890,cpu_op,0,"[""float"", ""float"", """"]",aten::resize_as_,30902,1.86,1232,"["""", """", """"]",,"[[1, 1], [1], []]","[[200, 1], [200], []]",6935384619234.815,,X
208,36890,cpu_op,0,"[""float"", ""ScalarList"", """"]",aten::resize_,30902,0.155,1233,"["""", ""[200]"", """"]",,"[[1, 1], [], []]","[[200, 1], [], []]",6935384619236.23,,X
209,36890,cpu_op,0,"[""float"", ""float"", """"]",aten::resize_as_,30902,1.749,1234,"["""", """", """"]",,"[[1, 1], [50, 1], []]","[[10000, 1], [200, 50], []]",6935384619237.889,,X
210,36890,cpu_op,0,"[""float"", ""ScalarList"", """"]",aten::resize_,30902,0.241,1235,"["""", ""[200, 50]"", """"]",,"[[1, 1], [], []]","[[10000, 1], [], []]",6935384619239.084,,X
211,36890,cpu_op,0,"[""float"", ""float"", """"]",aten::resize_as_,30902,1.642,1236,"["""", """", """"]",,"[[1, 1], [50, 1], []]","[[10000, 1], [200, 50], []]",6935384619241.16,,X
212,36890,cpu_op,0,"[""float"", ""ScalarList"", """"]",aten::resize_,30902,0.219,1237,"["""", ""[200, 50]"", """"]",,"[[1, 1], [], []]","[[10000, 1], [], []]",6935384619242.273,,X
213,36890,cpu_op,0,"[""float"", ""float"", """"]",aten::resize_as_,30902,1.952,1238,"["""", """", """"]",,"[[1, 1], [1], []]","[[200, 1], [200], []]",6935384619243.969,,X
214,36890,cpu_op,0,"[""float"", ""ScalarList"", """"]",aten::resize_,30902,0.147,1239,"["""", ""[200]"", """"]",,"[[1, 1], [], []]","[[200, 1], [], []]",6935384619245.489,,X
215,36890,cpu_op,0,"[""float"", ""float"", """"]",aten::resize_as_,30902,1.71,1240,"["""", """", """"]",,"[[1, 1], [1], []]","[[200, 1], [200], []]",6935384619247.478,,X
216,36890,cpu_op,0,"[""float"", ""ScalarList"", """"]",aten::resize_,30902,0.151,1241,"["""", ""[200]"", """"]",,"[[1, 1], [], []]","[[200, 1], [], []]",6935384619248.753,,X
217,36890,cpu_op,0,"[""float"", ""float"", """"]",aten::resize_as_,30902,1.631,1242,"["""", """", """"]",,"[[1, 1], [50, 1], []]","[[10000, 1], [200, 50], []]",6935384619250.57,,X
218,36890,cpu_op,0,"[""float"", ""ScalarList"", """"]",aten::resize_,30902,0.217,1243,"["""", ""[200, 50]"", """"]",,"[[1, 1], [], []]","[[10000, 1], [], []]",6935384619251.704,,X
219,36890,cpu_op,0,"[""float"", ""float"", """"]",aten::resize_as_,30902,1.677,1244,"["""", """", """"]",,"[[1, 1], [50, 1], []]","[[10000, 1], [200, 50], []]",6935384619253.85,,X
220,36890,cpu_op,0,"[""float"", ""ScalarList"", """"]",aten::resize_,30902,0.212,1245,"["""", ""[200, 50]"", """"]",,"[[1, 1], [], []]","[[10000, 1], [], []]",6935384619255.032,,X
221,36890,cpu_op,0,"[""float"", ""float"", """"]",aten::resize_as_,30902,1.852,1246,"["""", """", """"]",,"[[1, 1], [1], []]","[[200, 1], [200], []]",6935384619257.02,,X
222,36890,cpu_op,0,"[""float"", ""ScalarList"", """"]",aten::resize_,30902,0.146,1247,"["""", ""[200]"", """"]",,"[[1, 1], [], []]","[[200, 1], [], []]",6935384619258.442,,X
223,36890,cpu_op,0,"[""float"", ""float"", """"]",aten::resize_as_,30902,1.804,1248,"["""", """", """"]",,"[[1, 1], [1], []]","[[200, 1], [200], []]",6935384619260.111,,X
224,36890,cpu_op,0,"[""float"", ""ScalarList"", """"]",aten::resize_,30902,0.144,1249,"["""", ""[200]"", """"]",,"[[1, 1], [], []]","[[200, 1], [], []]",6935384619261.485,,X
225,36890,cpu_op,0,"[""float"", ""float"", """"]",aten::resize_as_,30902,2.236,1250,"["""", """", """"]",,"[[1, 1], [50, 1], []]","[[10000, 1], [200, 50], []]",6935384619263.451,,X
226,36890,cpu_op,0,"[""float"", ""ScalarList"", """"]",aten::resize_,30902,0.213,1251,"["""", ""[200, 50]"", """"]",,"[[1, 1], [], []]","[[10000, 1], [], []]",6935384619265.193,,X
227,36890,cpu_op,0,"[""float"", ""float"", """"]",aten::resize_as_,30902,2.015,1252,"["""", """", """"]",,"[[1, 1], [50, 1], []]","[[10000, 1], [200, 50], []]",6935384619267.029,,X
228,36890,cpu_op,0,"[""float"", ""ScalarList"", """"]",aten::resize_,30902,0.212,1253,"["""", ""[200, 50]"", """"]",,"[[1, 1], [], []]","[[10000, 1], [], []]",6935384619268.549,,X
229,36890,cpu_op,0,"[""float"", ""float"", """"]",aten::resize_as_,30902,1.598,1254,"["""", """", """"]",,"[[1, 1], [1], []]","[[200, 1], [200], []]",6935384619270.499,,X
230,36890,cpu_op,0,"[""float"", ""ScalarList"", """"]",aten::resize_,30902,0.146,1255,"["""", ""[200]"", """"]",,"[[1, 1], [], []]","[[200, 1], [], []]",6935384619271.666,,X
231,36890,cpu_op,0,"[""float"", ""float"", """"]",aten::resize_as_,30902,1.728,1256,"["""", """", """"]",,"[[1, 1], [1], []]","[[200, 1], [200], []]",6935384619273.479,,X
232,36890,cpu_op,0,"[""float"", ""ScalarList"", """"]",aten::resize_,30902,0.166,1257,"["""", ""[200]"", """"]",,"[[1, 1], [], []]","[[200, 1], [], []]",6935384619274.757,,X
233,36890,cpu_op,0,"[""float"", ""float"", """"]",aten::resize_as_,30902,1.816,1258,"["""", """", """"]",,"[[1, 1], [50, 1], []]","[[10000, 1], [200, 50], []]",6935384619276.645,,X
234,36890,cpu_op,0,"[""float"", ""ScalarList"", """"]",aten::resize_,30902,0.215,1259,"["""", ""[200, 50]"", """"]",,"[[1, 1], [], []]","[[10000, 1], [], []]",6935384619277.965,,X
235,36890,cpu_op,0,"[""float"", ""float"", """"]",aten::resize_as_,30902,1.597,1260,"["""", """", """"]",,"[[1, 1], [50, 1], []]","[[10000, 1], [200, 50], []]",6935384619279.626,,X
236,36890,cpu_op,0,"[""float"", ""ScalarList"", """"]",aten::resize_,30902,0.212,1261,"["""", ""[200, 50]"", """"]",,"[[1, 1], [], []]","[[10000, 1], [], []]",6935384619280.73,,X
237,36890,cpu_op,0,"[""float"", ""float"", """"]",aten::resize_as_,30902,1.612,1262,"["""", """", """"]",,"[[1, 1], [1], []]","[[200, 1], [200], []]",6935384619282.758,,X
238,36890,cpu_op,0,"[""float"", ""ScalarList"", """"]",aten::resize_,30902,0.171,1263,"["""", ""[200]"", """"]",,"[[1, 1], [], []]","[[200, 1], [], []]",6935384619283.913,,X
239,36890,cpu_op,0,"[""float"", ""float"", """"]",aten::resize_as_,30902,1.599,1264,"["""", """", """"]",,"[[1, 1], [1], []]","[[200, 1], [200], []]",6935384619285.841,,X
240,36890,cpu_op,0,"[""float"", ""ScalarList"", """"]",aten::resize_,30902,0.165,1265,"["""", ""[200]"", """"]",,"[[1, 1], [], []]","[[200, 1], [], []]",6935384619286.993,,X
241,36890,cpu_op,0,"[""float"", ""float"", """"]",aten::resize_as_,30902,1.608,1266,"["""", """", """"]",,"[[1, 1], [50, 1], []]","[[10000, 1], [200, 50], []]",6935384619288.636,,X
242,36890,cpu_op,0,"[""float"", ""ScalarList"", """"]",aten::resize_,30902,0.215,1267,"["""", ""[200, 50]"", """"]",,"[[1, 1], [], []]","[[10000, 1], [], []]",6935384619289.749,,X
243,36890,cpu_op,0,"[""float"", ""float"", """"]",aten::resize_as_,30902,1.598,1268,"["""", """", """"]",,"[[1, 1], [50, 1], []]","[[10000, 1], [200, 50], []]",6935384619291.436,,X
244,36890,cpu_op,0,"[""float"", ""ScalarList"", """"]",aten::resize_,30902,0.212,1269,"["""", ""[200, 50]"", """"]",,"[[1, 1], [], []]","[[10000, 1], [], []]",6935384619292.541,,X
245,36890,cpu_op,0,"[""float"", ""float"", """"]",aten::resize_as_,30902,1.615,1270,"["""", """", """"]",,"[[1, 1], [1], []]","[[200, 1], [200], []]",6935384619294.259,,X
246,36890,cpu_op,0,"[""float"", ""ScalarList"", """"]",aten::resize_,30902,0.171,1271,"["""", ""[200]"", """"]",,"[[1, 1], [], []]","[[200, 1], [], []]",6935384619295.423,,X
247,36890,cpu_op,0,"[""float"", ""float"", """"]",aten::resize_as_,30902,1.595,1272,"["""", """", """"]",,"[[1, 1], [1], []]","[[200, 1], [200], []]",6935384619297.017,,X
248,36890,cpu_op,0,"[""float"", ""ScalarList"", """"]",aten::resize_,30902,0.166,1273,"["""", ""[200]"", """"]",,"[[1, 1], [], []]","[[200, 1], [], []]",6935384619298.164,,X
249,36890,cpu_op,0,"[""float"", ""float"", """"]",aten::resize_as_,30902,1.605,1274,"["""", """", """"]",,"[[1, 1], [50, 1], []]","[[10000, 1], [200, 50], []]",6935384619299.763,,X
250,36890,cpu_op,0,"[""float"", ""ScalarList"", """"]",aten::resize_,30902,0.215,1275,"["""", ""[200, 50]"", """"]",,"[[1, 1], [], []]","[[10000, 1], [], []]",6935384619300.874,,X
251,36890,cpu_op,0,"[""float"", ""float"", """"]",aten::resize_as_,30902,1.591,1276,"["""", """", """"]",,"[[1, 1], [50, 1], []]","[[10000, 1], [200, 50], []]",6935384619302.487,,X
252,36890,cpu_op,0,"[""float"", ""ScalarList"", """"]",aten::resize_,30902,0.213,1277,"["""", ""[200, 50]"", """"]",,"[[1, 1], [], []]","[[10000, 1], [], []]",6935384619303.583,,X
253,36890,cpu_op,0,"[""float"", ""float"", """"]",aten::resize_as_,30902,1.692,1278,"["""", """", """"]",,"[[1, 1], [1], []]","[[200, 1], [200], []]",6935384619305.57,,X
254,36890,cpu_op,0,"[""float"", ""ScalarList"", """"]",aten::resize_,30902,0.181,1279,"["""", ""[200]"", """"]",,"[[1, 1], [], []]","[[200, 1], [], []]",6935384619306.8,,X
255,36890,cpu_op,0,"[""float"", ""float"", """"]",aten::resize_as_,30902,1.577,1280,"["""", """", """"]",,"[[1, 1], [1], []]","[[200, 1], [200], []]",6935384619308.508,,X
256,36890,cpu_op,0,"[""float"", ""ScalarList"", """"]",aten::resize_,30902,0.161,1281,"["""", ""[200]"", """"]",,"[[1, 1], [], []]","[[200, 1], [], []]",6935384619309.642,,X
257,36890,cpu_op,0,"[""float"", ""float"", """"]",aten::resize_as_,30902,1.814,1282,"["""", """", """"]",,"[[1, 1], [50, 1], []]","[[10000, 1], [200, 50], []]",6935384619312.789,,X
258,36890,cpu_op,0,"[""float"", ""ScalarList"", """"]",aten::resize_,30902,0.214,1283,"["""", ""[200, 50]"", """"]",,"[[1, 1], [], []]","[[10000, 1], [], []]",6935384619314.108,,X
259,36890,cpu_op,0,"[""float"", ""float"", """"]",aten::resize_as_,30902,1.638,1284,"["""", """", """"]",,"[[1, 1], [50, 1], []]","[[10000, 1], [200, 50], []]",6935384619315.751,,X
260,36890,cpu_op,0,"[""float"", ""ScalarList"", """"]",aten::resize_,30902,0.212,1285,"["""", ""[200, 50]"", """"]",,"[[1, 1], [], []]","[[10000, 1], [], []]",6935384619316.896,,X
261,36890,cpu_op,0,"[""float"", ""float"", """"]",aten::resize_as_,30902,1.776,1286,"["""", """", """"]",,"[[1, 1], [1], []]","[[200, 1], [200], []]",6935384619318.694,,X
262,36890,cpu_op,0,"[""float"", ""ScalarList"", """"]",aten::resize_,30902,0.168,1287,"["""", ""[200]"", """"]",,"[[1, 1], [], []]","[[200, 1], [], []]",6935384619320.016,,X
263,36890,cpu_op,0,"[""float"", ""float"", """"]",aten::resize_as_,30902,1.577,1288,"["""", """", """"]",,"[[1, 1], [1], []]","[[200, 1], [200], []]",6935384619322.066,,X
264,36890,cpu_op,0,"[""float"", ""ScalarList"", """"]",aten::resize_,30902,0.168,1289,"["""", ""[200]"", """"]",,"[[1, 1], [], []]","[[200, 1], [], []]",6935384619323.192,,X
265,36890,cpu_op,0,"[""float"", ""float"", """"]",aten::resize_as_,30902,1.766,1290,"["""", """", """"]",,"[[1, 1], [50, 1], []]","[[10000, 1], [200, 50], []]",6935384619324.896,,X
266,36890,cpu_op,0,"[""float"", ""ScalarList"", """"]",aten::resize_,30902,0.215,1291,"["""", ""[200, 50]"", """"]",,"[[1, 1], [], []]","[[10000, 1], [], []]",6935384619326.168,,X
267,36890,cpu_op,0,"[""float"", ""float"", """"]",aten::resize_as_,30902,1.628,1292,"["""", """", """"]",,"[[1, 1], [50, 1], []]","[[10000, 1], [200, 50], []]",6935384619327.846,,X
268,36890,cpu_op,0,"[""float"", ""ScalarList"", """"]",aten::resize_,30902,0.217,1293,"["""", ""[200, 50]"", """"]",,"[[1, 1], [], []]","[[10000, 1], [], []]",6935384619328.977,,X
269,36890,cpu_op,0,"[""float"", ""float"", """"]",aten::resize_as_,30902,1.593,1294,"["""", """", """"]",,"[[1, 1], [1], []]","[[200, 1], [200], []]",6935384619330.751,,X
270,36890,cpu_op,0,"[""float"", ""ScalarList"", """"]",aten::resize_,30902,0.166,1295,"["""", ""[200]"", """"]",,"[[1, 1], [], []]","[[200, 1], [], []]",6935384619331.896,,X
271,36890,cpu_op,0,"[""float"", ""float"", """"]",aten::resize_as_,30902,1.594,1296,"["""", """", """"]",,"[[1, 1], [1], []]","[[200, 1], [200], []]",6935384619333.588,,X
272,36890,cpu_op,0,"[""float"", ""ScalarList"", """"]",aten::resize_,30902,0.165,1297,"["""", ""[200]"", """"]",,"[[1, 1], [], []]","[[200, 1], [], []]",6935384619334.737,,X
273,36890,cpu_op,0,"[""float"", ""float"", """"]",aten::resize_as_,30902,1.6,1298,"["""", """", """"]",,"[[1, 1], [50, 1], []]","[[10000, 1], [200, 50], []]",6935384619336.62,,X
274,36890,cpu_op,0,"[""float"", ""ScalarList"", """"]",aten::resize_,30902,0.215,1299,"["""", ""[200, 50]"", """"]",,"[[1, 1], [], []]","[[10000, 1], [], []]",6935384619337.725,,X
275,36890,cpu_op,0,"[""float"", ""float"", """"]",aten::resize_as_,30902,1.6,1300,"["""", """", """"]",,"[[1, 1], [50, 1], []]","[[10000, 1], [200, 50], []]",6935384619339.539,,X
276,36890,cpu_op,0,"[""float"", ""ScalarList"", """"]",aten::resize_,30902,0.214,1301,"["""", ""[200, 50]"", """"]",,"[[1, 1], [], []]","[[10000, 1], [], []]",6935384619340.644,,X
277,36890,cpu_op,0,"[""float"", ""float"", """"]",aten::resize_as_,30902,1.599,1302,"["""", """", """"]",,"[[1, 1], [1], []]","[[200, 1], [200], []]",6935384619342.386,,X
278,36890,cpu_op,0,"[""float"", ""ScalarList"", """"]",aten::resize_,30902,0.16,1303,"["""", ""[200]"", """"]",,"[[1, 1], [], []]","[[200, 1], [], []]",6935384619343.541,,X
279,36890,cpu_op,0,"[""float"", ""float"", """"]",aten::resize_as_,30902,1.766,1304,"["""", """", """"]",,"[[1, 1], [1], []]","[[200, 1], [200], []]",6935384619345.32,,X
280,36890,cpu_op,0,"[""float"", ""ScalarList"", """"]",aten::resize_,30902,0.167,1305,"["""", ""[200]"", """"]",,"[[1, 1], [], []]","[[200, 1], [], []]",6935384619346.647,,X
281,36890,cpu_op,0,,autograd::engine::evaluate_function: torch::autograd::AccumulateGrad,30902,29.676,1306,,,,,6935384619489.073,,X
282,36890,cpu_op,0,"[""float""]",torch::autograd::AccumulateGrad,30902,21.135,1307,"[""""]",,"[[10, 1]]","[[200, 10]]",6935384619494.82,,X
283,36890,cpu_op,0,"[""float""]",aten::detach,30902,10.625,1308,"[""""]",,"[[10, 1]]","[[200, 10]]",6935384619504.429,,X
284,36890,cpu_op,0,"[""float""]",detach,30902,6.812,1309,"[""""]",,"[[10, 1]]","[[200, 10]]",6935384619507.824,,X
285,36890,cpu_op,0,,autograd::engine::evaluate_function: torch::autograd::AccumulateGrad,30902,9.924,1310,,,,,6935384619527.186,,X
286,36890,cpu_op,0,"[""float""]",torch::autograd::AccumulateGrad,30902,4.606,1311,"[""""]",,[[1]],[[200]],6935384619530.515,,X
287,36890,cpu_op,0,"[""float""]",aten::detach,30902,2.568,1312,"[""""]",,[[1]],[[200]],6935384619532.122,,X
288,36890,cpu_op,0,"[""float""]",detach,30902,1.167,1313,"[""""]",,[[1]],[[200]],6935384619533.199,,X
289,36890,cpu_op,0,,autograd::engine::evaluate_function: torch::autograd::AccumulateGrad,30902,10.01,1314,,,,,6935384619544.818,,X
290,36890,cpu_op,0,"[""float""]",torch::autograd::AccumulateGrad,30902,4.541,1315,"[""""]",,[[1]],[[200]],6935384619548.173,,X
291,36890,cpu_op,0,"[""float""]",aten::detach,30902,2.516,1316,"[""""]",,[[1]],[[200]],6935384619549.786,,X
292,36890,cpu_op,0,"[""float""]",detach,30902,1.137,1317,"[""""]",,[[1]],[[200]],6935384619550.822,,X
293,36890,cpu_op,0,,autograd::engine::evaluate_function: torch::autograd::AccumulateGrad,30902,10.05,1318,,,,,6935384619562.521,,X
294,36890,cpu_op,0,"[""float""]",torch::autograd::AccumulateGrad,30902,4.789,1319,"[""""]",,[[1]],[[200]],6935384619565.756,,X
295,36890,cpu_op,0,"[""float""]",aten::detach,30902,2.999,1320,"[""""]",,[[1]],[[200]],6935384619567.142,,X
296,36890,cpu_op,0,"[""float""]",detach,30902,1.437,1321,"[""""]",,[[1]],[[200]],6935384619568.376,,X
297,36890,cpu_op,0,,autograd::engine::evaluate_function: torch::autograd::AccumulateGrad,30902,10.423,1322,,,,,6935384619580.224,,X
298,36890,cpu_op,0,"[""float""]",torch::autograd::AccumulateGrad,30902,4.647,1323,"[""""]",,[[1]],[[200]],6935384619583.668,,X
299,36890,cpu_op,0,"[""float""]",aten::detach,30902,2.735,1324,"[""""]",,[[1]],[[200]],6935384619585.175,,X
300,36890,cpu_op,0,"[""float""]",detach,30902,1.373,1325,"[""""]",,[[1]],[[200]],6935384619586.201,,X
301,36890,cpu_op,0,,autograd::engine::evaluate_function: torch::autograd::AccumulateGrad,30902,9.701,1326,,,,,6935384619598.221,,X
302,36890,cpu_op,0,"[""float""]",torch::autograd::AccumulateGrad,30902,4.642,1327,"[""""]",,[[1]],[[200]],6935384619601.342,,X
303,36890,cpu_op,0,"[""float""]",aten::detach,30902,2.651,1328,"[""""]",,[[1]],[[200]],6935384619602.924,,X
304,36890,cpu_op,0,"[""float""]",detach,30902,1.205,1329,"[""""]",,[[1]],[[200]],6935384619604.053,,X
305,36890,cpu_op,0,,autograd::engine::evaluate_function: torch::autograd::AccumulateGrad,30902,9.652,1330,,,,,6935384619615.703,,X
306,36890,cpu_op,0,"[""float""]",torch::autograd::AccumulateGrad,30902,4.452,1331,"[""""]",,[[1]],[[200]],6935384619618.938,,X
307,36890,cpu_op,0,"[""float""]",aten::detach,30902,2.621,1332,"[""""]",,[[1]],[[200]],6935384619620.323,,X
308,36890,cpu_op,0,"[""float""]",detach,30902,1.184,1333,"[""""]",,[[1]],[[200]],6935384619621.438,,X
309,36890,cpu_op,0,,autograd::engine::evaluate_function: torch::autograd::AccumulateGrad,30902,9.691,1334,,,,,6935384619633.226,,X
310,36890,cpu_op,0,"[""float""]",torch::autograd::AccumulateGrad,30902,4.503,1335,"[""""]",,"[[50, 1]]","[[200, 50]]",6935384619636.442,,X
311,36890,cpu_op,0,"[""float""]",aten::detach,30902,2.552,1336,"[""""]",,"[[50, 1]]","[[200, 50]]",6935384619637.992,,X
312,36890,cpu_op,0,"[""float""]",detach,30902,1.212,1337,"[""""]",,"[[50, 1]]","[[200, 50]]",6935384619639.008,,X
313,36890,cpu_op,0,,autograd::engine::evaluate_function: torch::autograd::AccumulateGrad,30902,9.824,1338,,,,,6935384619650.536,,X
314,36890,cpu_op,0,"[""float""]",torch::autograd::AccumulateGrad,30902,4.71,1339,"[""""]",,"[[50, 1]]","[[200, 50]]",6935384619653.651,,X
315,36890,cpu_op,0,"[""float""]",aten::detach,30902,2.656,1340,"[""""]",,"[[50, 1]]","[[200, 50]]",6935384619655.26,,X
316,36890,cpu_op,0,"[""float""]",detach,30902,1.224,1341,"[""""]",,"[[50, 1]]","[[200, 50]]",6935384619656.367,,X
317,36890,cpu_op,0,,autograd::engine::evaluate_function: torch::autograd::AccumulateGrad,30902,9.811,1342,,,,,6935384619667.87,,X
318,36890,cpu_op,0,"[""float""]",torch::autograd::AccumulateGrad,30902,4.66,1343,"[""""]",,[[1]],[[200]],6935384619671.034,,X
319,36890,cpu_op,0,"[""float""]",aten::detach,30902,2.736,1344,"[""""]",,[[1]],[[200]],6935384619672.552,,X
320,36890,cpu_op,0,"[""float""]",detach,30902,1.338,1345,"[""""]",,[[1]],[[200]],6935384619673.626,,X
321,36890,cpu_op,0,,autograd::engine::evaluate_function: torch::autograd::AccumulateGrad,30902,9.496,1346,,,,,6935384619685.186,,X
322,36890,cpu_op,0,"[""float""]",torch::autograd::AccumulateGrad,30902,4.36,1347,"[""""]",,[[1]],[[200]],6935384619688.379,,X
323,36890,cpu_op,0,"[""float""]",aten::detach,30902,2.556,1348,"[""""]",,[[1]],[[200]],6935384619689.78,,X
324,36890,cpu_op,0,"[""float""]",detach,30902,1.211,1349,"[""""]",,[[1]],[[200]],6935384619690.795,,X
325,36890,cpu_op,0,,autograd::engine::evaluate_function: torch::autograd::AccumulateGrad,30902,9.448,1350,,,,,6935384619702.532,,X
326,36890,cpu_op,0,"[""float""]",torch::autograd::AccumulateGrad,30902,4.33,1351,"[""""]",,"[[50, 1]]","[[200, 50]]",6935384619705.656,,X
327,36890,cpu_op,0,"[""float""]",aten::detach,30902,2.484,1352,"[""""]",,"[[50, 1]]","[[200, 50]]",6935384619707.097,,X
328,36890,cpu_op,0,"[""float""]",detach,30902,1.173,1353,"[""""]",,"[[50, 1]]","[[200, 50]]",6935384619708.082,,X
329,36890,cpu_op,0,,autograd::engine::evaluate_function: torch::autograd::AccumulateGrad,30902,9.973,1354,,,,,6935384619719.517,,X
330,36890,cpu_op,0,"[""float""]",torch::autograd::AccumulateGrad,30902,4.69,1355,"[""""]",,"[[50, 1]]","[[200, 50]]",6935384619722.812,,X
331,36890,cpu_op,0,"[""float""]",aten::detach,30902,2.655,1356,"[""""]",,"[[50, 1]]","[[200, 50]]",6935384619724.427,,X
332,36890,cpu_op,0,"[""float""]",detach,30902,1.395,1357,"[""""]",,"[[50, 1]]","[[200, 50]]",6935384619725.368,,X
333,36890,cpu_op,0,,autograd::engine::evaluate_function: torch::autograd::AccumulateGrad,30902,9.404,1358,,,,,6935384619737.069,,X
334,36890,cpu_op,0,"[""float""]",torch::autograd::AccumulateGrad,30902,4.347,1359,"[""""]",,"[[50, 1]]","[[200, 50]]",6935384619740.13,,X
335,36890,cpu_op,0,"[""float""]",aten::detach,30902,2.413,1360,"[""""]",,"[[50, 1]]","[[200, 50]]",6935384619741.663,,X
336,36890,cpu_op,0,"[""float""]",detach,30902,1.166,1361,"[""""]",,"[[50, 1]]","[[200, 50]]",6935384619742.579,,X
337,36890,cpu_op,0,,autograd::engine::evaluate_function: torch::autograd::AccumulateGrad,30902,9.56,1362,,,,,6935384619754.133,,X
338,36890,cpu_op,0,"[""float""]",torch::autograd::AccumulateGrad,30902,4.541,1363,"[""""]",,[[1]],[[200]],6935384619757.209,,X
339,36890,cpu_op,0,"[""float""]",aten::detach,30902,2.434,1364,"[""""]",,[[1]],[[200]],6935384619758.869,,X
340,36890,cpu_op,0,"[""float""]",detach,30902,1.174,1365,"[""""]",,[[1]],[[200]],6935384619759.806,,X
341,36890,cpu_op,0,,autograd::engine::evaluate_function: torch::autograd::AccumulateGrad,30902,9.449,1366,,,,,6935384619771.242,,X
342,36890,cpu_op,0,"[""float""]",torch::autograd::AccumulateGrad,30902,4.367,1367,"[""""]",,"[[50, 1]]","[[200, 50]]",6935384619774.332,,X
343,36890,cpu_op,0,"[""float""]",aten::detach,30902,2.404,1368,"[""""]",,"[[50, 1]]","[[200, 50]]",6935384619775.886,,X
344,36890,cpu_op,0,"[""float""]",detach,30902,1.142,1369,"[""""]",,"[[50, 1]]","[[200, 50]]",6935384619776.819,,X
345,36890,cpu_op,0,,autograd::engine::evaluate_function: torch::autograd::AccumulateGrad,30902,9.351,1370,,,,,6935384619788.283,,X
346,36890,cpu_op,0,"[""float""]",torch::autograd::AccumulateGrad,30902,4.256,1371,"[""""]",,[[1]],[[200]],6935384619791.421,,X
347,36890,cpu_op,0,"[""float""]",aten::detach,30902,2.4,1372,"[""""]",,[[1]],[[200]],6935384619792.844,,X
348,36890,cpu_op,0,"[""float""]",detach,30902,1.177,1373,"[""""]",,[[1]],[[200]],6935384619793.774,,X
349,36890,cpu_op,0,,autograd::engine::evaluate_function: torch::autograd::AccumulateGrad,30902,9.397,1374,,,,,6935384619805.097,,X
350,36890,cpu_op,0,"[""float""]",torch::autograd::AccumulateGrad,30902,4.289,1375,"[""""]",,[[1]],[[200]],6935384619808.236,,X
351,36890,cpu_op,0,"[""float""]",aten::detach,30902,2.407,1376,"[""""]",,[[1]],[[200]],6935384619809.715,,X
352,36890,cpu_op,0,"[""float""]",detach,30902,1.145,1377,"[""""]",,[[1]],[[200]],6935384619810.648,,X
353,36890,cpu_op,0,,autograd::engine::evaluate_function: torch::autograd::AccumulateGrad,30902,9.548,1378,,,,,6935384619821.999,,X
354,36890,cpu_op,0,"[""float""]",torch::autograd::AccumulateGrad,30902,4.469,1379,"[""""]",,"[[50, 1]]","[[200, 50]]",6935384619825.095,,X
355,36890,cpu_op,0,"[""float""]",aten::detach,30902,2.621,1380,"[""""]",,"[[50, 1]]","[[200, 50]]",6935384619826.537,,X
356,36890,cpu_op,0,"[""float""]",detach,30902,1.37,1381,"[""""]",,"[[50, 1]]","[[200, 50]]",6935384619827.469,,X
357,36890,cpu_op,0,,autograd::engine::evaluate_function: torch::autograd::AccumulateGrad,30902,9.434,1382,,,,,6935384619839.031,,X
358,36890,cpu_op,0,"[""float""]",torch::autograd::AccumulateGrad,30902,4.259,1383,"[""""]",,"[[50, 1]]","[[200, 50]]",6935384619842.228,,X
359,36890,cpu_op,0,"[""float""]",aten::detach,30902,2.418,1384,"[""""]",,"[[50, 1]]","[[200, 50]]",6935384619843.657,,X
360,36890,cpu_op,0,"[""float""]",detach,30902,1.165,1385,"[""""]",,"[[50, 1]]","[[200, 50]]",6935384619844.588,,X
361,36890,cpu_op,0,,autograd::engine::evaluate_function: torch::autograd::AccumulateGrad,30902,9.451,1386,,,,,6935384619855.957,,X
362,36890,cpu_op,0,"[""float""]",torch::autograd::AccumulateGrad,30902,4.214,1387,"[""""]",,[[1]],[[200]],6935384619859.113,,X
363,36890,cpu_op,0,"[""float""]",aten::detach,30902,2.378,1388,"[""""]",,[[1]],[[200]],6935384619860.547,,X
364,36890,cpu_op,0,"[""float""]",detach,30902,1.127,1389,"[""""]",,[[1]],[[200]],6935384619861.464,,X
365,36890,cpu_op,0,,autograd::engine::evaluate_function: torch::autograd::AccumulateGrad,30902,9.695,1390,,,,,6935384619873.006,,X
366,36890,cpu_op,0,"[""float""]",torch::autograd::AccumulateGrad,30902,4.606,1391,"[""""]",,[[1]],[[200]],6935384619876.111,,X
367,36890,cpu_op,0,"[""float""]",aten::detach,30902,2.77,1392,"[""""]",,[[1]],[[200]],6935384619877.538,,X
368,36890,cpu_op,0,"[""float""]",detach,30902,1.172,1393,"[""""]",,[[1]],[[200]],6935384619878.81,,X
369,36890,cpu_op,0,,autograd::engine::evaluate_function: torch::autograd::AccumulateGrad,30902,9.52,1394,,,,,6935384619890.198,,X
370,36890,cpu_op,0,"[""float""]",torch::autograd::AccumulateGrad,30902,4.325,1395,"[""""]",,"[[50, 1]]","[[200, 50]]",6935384619893.402,,X
371,36890,cpu_op,0,"[""float""]",aten::detach,30902,2.382,1396,"[""""]",,"[[50, 1]]","[[200, 50]]",6935384619894.936,,X
372,36890,cpu_op,0,"[""float""]",detach,30902,1.144,1397,"[""""]",,"[[50, 1]]","[[200, 50]]",6935384619895.853,,X
373,36890,cpu_op,0,,autograd::engine::evaluate_function: torch::autograd::AccumulateGrad,30902,9.674,1398,,,,,6935384619907.243,,X
374,36890,cpu_op,0,"[""float""]",torch::autograd::AccumulateGrad,30902,4.45,1399,"[""""]",,"[[50, 1]]","[[200, 50]]",6935384619910.495,,X
375,36890,cpu_op,0,"[""float""]",aten::detach,30902,2.352,1400,"[""""]",,"[[50, 1]]","[[200, 50]]",6935384619912.188,,X
376,36890,cpu_op,0,"[""float""]",detach,30902,1.118,1401,"[""""]",,"[[50, 1]]","[[200, 50]]",6935384619913.099,,X
377,36890,cpu_op,0,,autograd::engine::evaluate_function: torch::autograd::AccumulateGrad,30902,9.498,1402,,,,,6935384619924.366,,X
378,36890,cpu_op,0,"[""float""]",torch::autograd::AccumulateGrad,30902,4.367,1403,"[""""]",,[[1]],[[200]],6935384619927.512,,X
379,36890,cpu_op,0,"[""float""]",aten::detach,30902,2.515,1404,"[""""]",,[[1]],[[200]],6935384619928.958,,X
380,36890,cpu_op,0,"[""float""]",detach,30902,1.091,1405,"[""""]",,[[1]],[[200]],6935384619930.058,,X
381,36890,cpu_op,0,,autograd::engine::evaluate_function: torch::autograd::AccumulateGrad,30902,9.403,1406,,,,,6935384619941.341,,X
382,36890,cpu_op,0,"[""float""]",torch::autograd::AccumulateGrad,30902,4.236,1407,"[""""]",,[[1]],[[200]],6935384619944.522,,X
383,36890,cpu_op,0,"[""float""]",aten::detach,30902,2.384,1408,"[""""]",,[[1]],[[200]],6935384619945.967,,X
384,36890,cpu_op,0,"[""float""]",detach,30902,1.132,1409,"[""""]",,[[1]],[[200]],6935384619946.896,,X
385,36890,cpu_op,0,,autograd::engine::evaluate_function: torch::autograd::AccumulateGrad,30902,9.32,1410,,,,,6935384619958.199,,X
386,36890,cpu_op,0,"[""float""]",torch::autograd::AccumulateGrad,30902,4.194,1411,"[""""]",,"[[50, 1]]","[[200, 50]]",6935384619961.363,,X
387,36890,cpu_op,0,"[""float""]",aten::detach,30902,2.378,1412,"[""""]",,"[[50, 1]]","[[200, 50]]",6935384619962.757,,X
388,36890,cpu_op,0,"[""float""]",detach,30902,1.142,1413,"[""""]",,"[[50, 1]]","[[200, 50]]",6935384619963.671,,X
389,36890,cpu_op,0,,autograd::engine::evaluate_function: torch::autograd::AccumulateGrad,30902,9.224,1414,,,,,6935384619974.959,,X
390,36890,cpu_op,0,"[""float""]",torch::autograd::AccumulateGrad,30902,4.18,1415,"[""""]",,"[[50, 1]]","[[200, 50]]",6935384619978.03,,X
391,36890,cpu_op,0,"[""float""]",aten::detach,30902,2.365,1416,"[""""]",,"[[50, 1]]","[[200, 50]]",6935384619979.439,,X
392,36890,cpu_op,0,"[""float""]",detach,30902,1.126,1417,"[""""]",,"[[50, 1]]","[[200, 50]]",6935384619980.344,,X
393,36890,cpu_op,0,,autograd::engine::evaluate_function: torch::autograd::AccumulateGrad,30902,9.471,1418,,,,,6935384619991.701,,X
394,36890,cpu_op,0,"[""float""]",torch::autograd::AccumulateGrad,30902,4.288,1419,"[""""]",,"[[50, 1]]","[[200, 50]]",6935384619994.908,,X
395,36890,cpu_op,0,"[""float""]",aten::detach,30902,2.349,1420,"[""""]",,"[[50, 1]]","[[200, 50]]",6935384619996.447,,X
396,36890,cpu_op,0,"[""float""]",detach,30902,1.118,1421,"[""""]",,"[[50, 1]]","[[200, 50]]",6935384619997.355,,X
397,36890,cpu_op,0,,autograd::engine::evaluate_function: torch::autograd::AccumulateGrad,30902,9.385,1422,,,,,6935384620008.594,,X
398,36890,cpu_op,0,"[""float""]",torch::autograd::AccumulateGrad,30902,4.267,1423,"[""""]",,[[1]],[[200]],6935384620011.744,,X
399,36890,cpu_op,0,"[""float""]",aten::detach,30902,2.381,1424,"[""""]",,[[1]],[[200]],6935384620013.226,,X
400,36890,cpu_op,0,"[""float""]",detach,30902,1.118,1425,"[""""]",,[[1]],[[200]],6935384620014.163,,X
401,36890,cpu_op,0,,autograd::engine::evaluate_function: torch::autograd::AccumulateGrad,30902,9.252,1426,,,,,6935384620025.421,,X
402,36890,cpu_op,0,"[""float""]",torch::autograd::AccumulateGrad,30902,4.173,1427,"[""""]",,"[[50, 1]]","[[200, 50]]",6935384620028.528,,X
403,36890,cpu_op,0,"[""float""]",aten::detach,30902,2.342,1428,"[""""]",,"[[50, 1]]","[[200, 50]]",6935384620029.957,,X
404,36890,cpu_op,0,"[""float""]",detach,30902,1.115,1429,"[""""]",,"[[50, 1]]","[[200, 50]]",6935384620030.864,,X
405,36890,cpu_op,0,,autograd::engine::evaluate_function: torch::autograd::AccumulateGrad,30902,9.369,1430,,,,,6935384620042.017,,X
406,36890,cpu_op,0,"[""float""]",torch::autograd::AccumulateGrad,30902,4.296,1431,"[""""]",,[[1]],[[200]],6935384620045.1,,X
407,36890,cpu_op,0,"[""float""]",aten::detach,30902,2.359,1432,"[""""]",,[[1]],[[200]],6935384620046.632,,X
408,36890,cpu_op,0,"[""float""]",detach,30902,1.114,1433,"[""""]",,[[1]],[[200]],6935384620047.554,,X
409,36890,cpu_op,0,,autograd::engine::evaluate_function: torch::autograd::AccumulateGrad,30902,10.014,1434,,,,,6935384620058.802,,X
410,36890,cpu_op,0,"[""float""]",torch::autograd::AccumulateGrad,30902,4.321,1435,"[""""]",,[[1]],[[200]],6935384620062.493,,X
411,36890,cpu_op,0,"[""float""]",aten::detach,30902,2.37,1436,"[""""]",,[[1]],[[200]],6935384620064.033,,X
412,36890,cpu_op,0,"[""float""]",detach,30902,1.114,1437,"[""""]",,[[1]],[[200]],6935384620064.963,,X
413,36890,cpu_op,0,,autograd::engine::evaluate_function: torch::autograd::AccumulateGrad,30902,9.832,1438,,,,,6935384620076.279,,X
414,36890,cpu_op,0,"[""float""]",torch::autograd::AccumulateGrad,30902,4.44,1439,"[""""]",,"[[50, 1]]","[[200, 50]]",6935384620079.667,,X
415,36890,cpu_op,0,"[""float""]",aten::detach,30902,2.341,1440,"[""""]",,"[[50, 1]]","[[200, 50]]",6935384620081.364,,X
416,36890,cpu_op,0,"[""float""]",detach,30902,1.119,1441,"[""""]",,"[[50, 1]]","[[200, 50]]",6935384620082.266,,X
417,36890,cpu_op,0,,autograd::engine::evaluate_function: torch::autograd::AccumulateGrad,30902,9.405,1442,,,,,6935384620093.495,,X
418,36890,cpu_op,0,"[""float""]",torch::autograd::AccumulateGrad,30902,4.186,1443,"[""""]",,"[[50, 1]]","[[200, 50]]",6935384620096.714,,X
419,36890,cpu_op,0,"[""float""]",aten::detach,30902,2.353,1444,"[""""]",,"[[50, 1]]","[[200, 50]]",6935384620098.143,,X
420,36890,cpu_op,0,"[""float""]",detach,30902,1.123,1445,"[""""]",,"[[50, 1]]","[[200, 50]]",6935384620099.048,,X
421,36890,cpu_op,0,,autograd::engine::evaluate_function: torch::autograd::AccumulateGrad,30902,9.313,1446,,,,,6935384620110.274,,X
422,36890,cpu_op,0,"[""float""]",torch::autograd::AccumulateGrad,30902,4.209,1447,"[""""]",,"[[50, 1]]","[[200, 50]]",6935384620113.406,,X
423,36890,cpu_op,0,"[""float""]",aten::detach,30902,2.362,1448,"[""""]",,"[[50, 1]]","[[200, 50]]",6935384620114.838,,X
424,36890,cpu_op,0,"[""float""]",detach,30902,1.145,1449,"[""""]",,"[[50, 1]]","[[200, 50]]",6935384620115.732,,X
425,36890,cpu_op,0,,autograd::engine::evaluate_function: torch::autograd::AccumulateGrad,30902,9.481,1450,,,,,6935384620126.951,,X
426,36890,cpu_op,0,"[""float""]",torch::autograd::AccumulateGrad,30902,4.236,1451,"[""""]",,[[1]],[[200]],6935384620130.221,,X
427,36890,cpu_op,0,"[""float""]",aten::detach,30902,2.396,1452,"[""""]",,[[1]],[[200]],6935384620131.656,,X
428,36890,cpu_op,0,"[""float""]",detach,30902,1.14,1453,"[""""]",,[[1]],[[200]],6935384620132.575,,X
429,36890,cpu_op,0,,autograd::engine::evaluate_function: torch::autograd::AccumulateGrad,30902,9.679,1454,,,,,6935384620143.885,,X
430,36890,cpu_op,0,"[""float""]",torch::autograd::AccumulateGrad,30902,4.614,1455,"[""""]",,"[[50, 1]]","[[200, 50]]",6935384620147.0,,X
431,36890,cpu_op,0,"[""float""]",aten::detach,30902,2.363,1456,"[""""]",,"[[50, 1]]","[[200, 50]]",6935384620148.837,,X
432,36890,cpu_op,0,"[""float""]",detach,30902,1.15,1457,"[""""]",,"[[50, 1]]","[[200, 50]]",6935384620149.728,,X
433,36890,cpu_op,0,,autograd::engine::evaluate_function: torch::autograd::AccumulateGrad,30902,9.374,1458,,,,,6935384620160.893,,X
434,36890,cpu_op,0,"[""float""]",torch::autograd::AccumulateGrad,30902,4.175,1459,"[""""]",,"[[50, 1]]","[[200, 50]]",6935384620164.117,,X
435,36890,cpu_op,0,"[""float""]",aten::detach,30902,2.343,1460,"[""""]",,"[[50, 1]]","[[200, 50]]",6935384620165.544,,X
436,36890,cpu_op,0,"[""float""]",detach,30902,1.12,1461,"[""""]",,"[[50, 1]]","[[200, 50]]",6935384620166.445,,X
437,36890,cpu_op,0,,autograd::engine::evaluate_function: torch::autograd::AccumulateGrad,30902,9.419,1462,,,,,6935384620177.487,,X
438,36890,cpu_op,0,"[""float""]",torch::autograd::AccumulateGrad,30902,4.349,1463,"[""""]",,[[1]],[[200]],6935384620180.57,,X
439,36890,cpu_op,0,"[""float""]",aten::detach,30902,2.374,1464,"[""""]",,[[1]],[[200]],6935384620182.135,,X
440,36890,cpu_op,0,"[""float""]",detach,30902,1.125,1465,"[""""]",,[[1]],[[200]],6935384620183.056,,X
442,30902,cpu_op,0,"[""float"", """"]",aten::sum,30902,48854.167,514,"["""", """"]",1896,"[[15, 1], []]","[[300, 15], []]",6935384473322.499,0,X
443,30902,cpu_op,0,"[""float"", ""ScalarList"", ""Scalar"", """"]",aten::sum,30902,48795.756,515,"["""", ""[]"", ""False"", """"]",,"[[15, 1], [], [], []]","[[300, 15], [], [], []]",6935384473368.561,,X
444,30902,cpu_op,0,"[""float"", ""ScalarList"", ""ScalarList"", """"]",aten::as_strided,30902,4.005,516,"["""", ""[1, 1]"", ""[0, 0]"", """"]",,"[[], [], [], []]","[[], [], [], []]",6935384476258.104,,X
445,30902,cpu_op,0,"[""float"", """", """", """", ""Scalar"", ""Scalar""]",aten::ones_like,30902,83.66,517,"["""", """", """", """", ""False"", ""1""]",,"[[], [], [], [], [], []]","[[], [], [], [], [], []]",6935384522570.005,,X
446,30902,cpu_op,0,"[""float"", """", """", """", ""Scalar"", ""Scalar""]",aten::empty_like,30902,31.888,518,"["""", """", """", """", ""False"", ""1""]",,"[[], [], [], [], [], []]","[[], [], [], [], [], []]",6935384522573.302,,X
447,30902,cpu_op,0,"[""ScalarList"", ""ScalarList"", ""Scalar"", ""Scalar"", """", ""Scalar""]",aten::empty_strided,30902,21.636,519,"[""[]"", ""[]"", ""6"", ""0"", """", ""False""]",,"[[], [], [], [], [], []]","[[], [], [], [], [], []]",6935384522581.51,,X
448,30902,cpu_op,0,"[""float"", ""Scalar""]",aten::fill_,30902,44.911,520,"["""", ""1.""]",,"[[], []]","[[], []]",6935384522608.049,,X
