Ev Idx,tid,cat,name,pid,dur,Python parent id,Python id,ts,ph
656,0,python_function,threading.py(973): _bootstrap,0,54341.315,,1,6940680930543.101,X
657,0,python_function,threading.py(1016): _bootstrap_inner,0,54340.05,1,2,6940680930544.366,X
658,0,python_function,decorator.py(232): fun,0,54337.927,2,3,6940680930546.489,X
659,0,python_function,IPython/core/history.py(61): only_when_enabled,0,54337.093,3,4,6940680930547.323,X
660,0,python_function,IPython/core/history.py(903): run,0,54335.112,4,5,6940680930549.304,X
661,0,python_function,threading.py(607): wait,0,54334.508,5,6,6940680930549.908,X
662,0,python_function,threading.py(320): wait,0,54333.912,6,7,6940680930550.504,X
663,0,python_function,threading.py(973): _bootstrap,0,54331.508,7,8,6940680930552.908,X
664,0,python_function,threading.py(1016): _bootstrap_inner,0,54331.016,8,9,6940680930553.4,X
665,0,python_function,ipykernel/control.py(23): run,0,54329.766,9,10,6940680930554.65,X
666,0,python_function,tornado/platform/asyncio.py(205): start,0,54328.417,10,11,6940680930555.999,X
667,0,python_function,asyncio/base_events.py(603): run_forever,0,54327.098,11,12,6940680930557.318,X
668,0,python_function,asyncio/base_events.py(1871): _run_once,0,54326.395,12,13,6940680930558.021,X
669,0,python_function,selectors.py(469): select,0,54325.6,13,14,6940680930558.816,X
670,0,python_function,threading.py(973): _bootstrap,0,54324.064,14,15,6940680930560.352,X
671,0,python_function,threading.py(1016): _bootstrap_inner,0,54323.731,15,16,6940680930560.685,X
672,0,python_function,threading.py(953): run,0,54322.554,16,17,6940680930561.862,X
673,0,python_function,ipykernel/iostream.py(387): _watch_pipe_fd,0,54321.936,17,18,6940680930562.48,X
674,0,python_function,threading.py(973): _bootstrap,0,54320.507,18,19,6940680930563.909,X
675,0,python_function,threading.py(1016): _bootstrap_inner,0,54320.166,19,20,6940680930564.25,X
676,0,python_function,threading.py(953): run,0,54319.345,20,21,6940680930565.071,X
677,0,python_function,ipykernel/iostream.py(387): _watch_pipe_fd,0,54319.05,21,22,6940680930565.366,X
678,0,python_function,threading.py(973): _bootstrap,0,54317.948,22,23,6940680930566.468,X
679,0,python_function,threading.py(1016): _bootstrap_inner,0,54317.645,23,24,6940680930566.771,X
680,0,python_function,ipykernel/heartbeat.py(106): run,0,54316.545,24,25,6940680930567.871,X
681,0,python_function,threading.py(973): _bootstrap,0,54314.85,25,26,6940680930569.566,X
682,0,python_function,threading.py(1016): _bootstrap_inner,0,54314.593,26,27,6940680930569.823,X
683,0,python_function,threading.py(953): run,0,54314.0,27,28,6940680930570.416,X
684,0,python_function,ipykernel/iostream.py(92): _thread_main,0,54313.388,28,29,6940680930571.028,X
685,0,python_function,tornado/platform/asyncio.py(205): start,0,54312.557,29,30,6940680930571.859,X
686,0,python_function,asyncio/base_events.py(603): run_forever,0,54312.198,30,31,6940680930572.218,X
687,0,python_function,asyncio/base_events.py(1871): _run_once,0,54311.805,31,32,6940680930572.611,X
688,0,python_function,selectors.py(469): select,0,54311.375,32,33,6940680930573.041,X
689,159650,python_function,runpy.py(196): _run_module_as_main,159650,54304.823,,34,6940680930579.593,X
690,159650,python_function,runpy.py(86): _run_code,159650,54304.102,34,35,6940680930580.314,X
691,159650,python_function,ipykernel_launcher.py(18): <module>,159650,54303.119,35,36,6940680930581.297,X
692,159650,python_function,traitlets/config/application.py(1075): launch_instance,159650,54302.171,36,37,6940680930582.245,X
693,159650,python_function,ipykernel/kernelapp.py(739): start,159650,54300.932,37,38,6940680930583.484,X
694,159650,python_function,tornado/platform/asyncio.py(205): start,159650,54300.305,38,39,6940680930584.111,X
695,159650,python_function,asyncio/base_events.py(603): run_forever,159650,54299.93,39,40,6940680930584.486,X
696,159650,python_function,asyncio/base_events.py(1909): _run_once,159650,54299.382,40,41,6940680930585.034,X
697,159650,python_function,asyncio/events.py(80): _run,159650,54297.848,41,42,6940680930586.568,X
698,159650,python_function,ipykernel/kernelbase.py(545): dispatch_queue,159650,54296.983,42,43,6940680930587.433,X
699,159650,python_function,ipykernel/kernelbase.py(534): process_one,159650,54296.424,43,44,6940680930587.992,X
700,159650,python_function,ipykernel/kernelbase.py(437): dispatch_shell,159650,54295.674,44,45,6940680930588.742,X
701,159650,python_function,ipykernel/ipkernel.py(362): execute_request,159650,54294.877,45,46,6940680930589.539,X
702,159650,python_function,ipykernel/kernelbase.py(778): execute_request,159650,54294.246,46,47,6940680930590.17,X
703,159650,python_function,ipykernel/ipkernel.py(449): do_execute,159650,54293.181,47,48,6940680930591.235,X
704,159650,python_function,ipykernel/zmqshell.py(549): run_cell,159650,54292.104,48,49,6940680930592.312,X
705,159650,python_function,IPython/core/interactiveshell.py(3075): run_cell,159650,54290.262,49,50,6940680930594.154,X
706,159650,python_function,IPython/core/interactiveshell.py(3130): _run_cell,159650,54289.607,50,51,6940680930594.809,X
707,159650,python_function,IPython/core/async_helpers.py(128): _pseudo_sync_runner,159650,54285.527,51,52,6940680930598.889,X
708,159650,python_function,IPython/core/interactiveshell.py(3334): run_cell_async,159650,54284.344,52,53,6940680930600.072,X
709,159650,python_function,IPython/core/interactiveshell.py(3517): run_ast_nodes,159650,54283.288,53,54,6940680930601.128,X
710,159650,python_function,IPython/core/interactiveshell.py(3577): run_code,159650,54282.368,54,55,6940680930602.048,X
711,159650,python_function,/tmp/ipykernel_159650/3224433625.py(10): <module>,159650,54281.93,55,56,6940680930602.486,X
712,159650,python_function,pytorch_tracing.py(94): py_tracing_optimize,159650,54281.447,56,57,6940680930602.969,X
713,159650,python_function,torch/profiler/profiler.py(744): __enter__,159650,199.476,57,58,6940680930603.466,X
714,159650,python_function,torch/profiler/profiler.py(754): start,159650,198.931,58,59,6940680930603.702,X
715,159650,python_function,torch/profiler/profiler.py(793): _transit_action,159650,94.022,59,60,6940680930604.02,X
716,159650,python_function,torch/profiler/profiler.py(174): start_trace,159650,92.95,60,61,6940680930604.488,X
717,159650,python_function,torch/autograd/profiler.py(339): _start_trace,159650,23.07,61,62,6940680930605.102,X
718,159650,python_function,<built-in function perf_counter_ns>,159650,0.782,62,63,6940680930623.632,X
719,159650,python_function,torch/profiler/profiler.py(304): add_metadata_json,159650,10.675,61,64,6940680930631.185,X
720,159650,python_function,<built-in method _add_metadata_json of PyCapsule object at 0x7f2505a790e0>,159650,2.742,64,65,6940680930638.907,X
721,159650,python_function,torch/profiler/profiler.py(304): add_metadata_json,159650,1.49,61,66,6940680930642.96,X
722,159650,python_function,<built-in method _add_metadata_json of PyCapsule object at 0x7f2505a790e0>,159650,0.91,66,67,6940680930643.42,X
723,159650,python_function,<built-in method kineto_available of PyCapsule object at 0x7f2505a79140>,159650,0.636,61,68,6940680930648.963,X
724,159650,python_function,torch/profiler/profiler.py(319): _get_distributed_info,159650,18.765,61,69,6940680930650.747,X
725,159650,python_function,torch/distributed/__init__.py(14): is_available,159650,3.024,69,70,6940680930659.051,X
726,159650,python_function,<built-in function hasattr>,159650,0.562,70,71,6940680930661.389,X
727,159650,python_function,torch/distributed/distributed_c10d.py(1121): is_initialized,159650,5.708,69,72,6940680930663.563,X
728,159650,python_function,torch/distributed/distributed_c10d.py(705): WORLD,159650,2.677,72,73,6940680930666.45,X
729,159650,python_function,torch/distributed/distributed_c10d.py(576): default_pg,159650,0.497,73,74,6940680930668.503,X
730,159650,python_function,<built-in function hasattr>,159650,0.495,61,75,6940680930670.799,X
731,159650,python_function,torch/utils/_config_module.py(379): __getattr__,159650,5.798,61,76,6940680930682.37,X
732,159650,python_function,torch/utils/_config_module.py(148): __getattr__,159650,2.313,76,77,6940680930685.567,X
733,159650,python_function,<built-in method items of dict object at 0x7f24f68d1800>,159650,0.314,61,78,6940680930696.175,X
734,159650,python_function,torch/autograd/profiler.py(721): __init__,159650,7.554,59,79,6940680930701.523,X
735,159650,python_function,typing.py(306): inner,159650,1.887,79,80,6940680930704.304,X
736,159650,python_function,torch/jit/__init__.py(128): annotate,159650,0.674,79,81,6940680930707.214,X
737,159650,python_function,torch/autograd/profiler.py(732): __enter__,159650,92.063,59,82,6940680930710.216,X
738,159650,python_function,torch/_ops.py(1105): __call__,159650,87.153,82,83,6940680930714.351,X
739,159650,python_function,<built-in method _record_function_enter_new of PyCapsule object at 0x7f25053b2ca0>,159650,84.154,83,84,6940680930717.163,X
740,159650,python_function,torch/_compile.py(22): inner,159650,534.009,57,85,6940680930830.804,X
741,159650,python_function,<built-in function getattr>,159650,0.472,85,86,6940680930851.869,X
742,159650,python_function,torch/_dynamo/decorators.py(50): disable,159650,151.492,85,87,6940680930862.104,X
743,159650,python_function,torch/_dynamo/eval_frame.py(272): innermost_fn,159650,2.164,87,88,6940680930864.507,X
744,159650,python_function,<built-in function hasattr>,159650,0.249,88,89,6940680930866.21,X
745,159650,python_function,<built-in function callable>,159650,0.216,87,90,6940680930868.337,X
746,159650,python_function,torch/_dynamo/eval_frame.py(594): __init__,159650,39.442,87,91,6940680930870.624,X
747,159650,python_function,torch/_dynamo/eval_frame.py(297): __init__,159650,27.813,91,92,6940680930881.505,X
748,159650,python_function,<built-in function callable>,159650,0.091,92,93,6940680930883.443,X
749,159650,python_function,torch/_dynamo/eval_frame.py(264): nothing,159650,0.365,92,94,6940680930898.815,X
750,159650,python_function,torch/_dynamo/eval_frame.py(272): innermost_fn,159650,0.582,92,95,6940680930900.334,X
751,159650,python_function,<built-in function hasattr>,159650,0.207,95,96,6940680930900.626,X
752,159650,python_function,<built-in function id>,159650,0.474,92,97,6940680930904.355,X
753,159650,python_function,<built-in method setdefault of dict object at 0x7f24f93390c0>,159650,0.9,92,98,6940680930907.073,X
754,159650,python_function,torch/_dynamo/eval_frame.py(597): __call__,159650,101.389,87,99,6940680930911.307,X
755,159650,python_function,torch/_dynamo/eval_frame.py(272): innermost_fn,159650,0.421,99,100,6940680930912.709,X
756,159650,python_function,<built-in function hasattr>,159650,0.148,100,101,6940680930912.899,X
757,159650,python_function,<built-in function isinstance>,159650,0.234,99,102,6940680930921.566,X
758,159650,python_function,inspect.py(191): isclass,159650,6.08,99,103,6940680930942.826,X
759,159650,python_function,<built-in function isinstance>,159650,0.137,103,104,6940680930948.675,X
760,159650,python_function,<built-in function callable>,159650,0.114,99,105,6940680930949.649,X
761,159650,python_function,functools.py(65): wraps,159650,11.272,99,106,6940680930961.656,X
762,159650,python_function,functools.py(35): update_wrapper,159650,19.611,99,107,6940680930991.688,X
763,159650,python_function,<built-in function getattr>,159650,1.117,107,108,6940680930998.068,X
764,159650,python_function,<built-in function setattr>,159650,0.448,107,109,6940680931000.497,X
765,159650,python_function,<built-in function getattr>,159650,0.656,107,110,6940680931001.475,X
766,159650,python_function,<built-in function setattr>,159650,0.158,107,111,6940680931002.433,X
767,159650,python_function,<built-in function getattr>,159650,0.336,107,112,6940680931002.875,X
768,159650,python_function,<built-in function setattr>,159650,0.119,107,113,6940680931003.353,X
769,159650,python_function,<built-in function getattr>,159650,0.921,107,114,6940680931003.657,X
770,159650,python_function,<built-in function setattr>,159650,0.12,107,115,6940680931004.864,X
771,159650,python_function,<built-in function getattr>,159650,0.431,107,116,6940680931005.211,X
772,159650,python_function,<built-in function setattr>,159650,0.348,107,117,6940680931005.761,X
773,159650,python_function,<built-in function getattr>,159650,0.309,107,118,6940680931006.894,X
774,159650,python_function,<built-in function getattr>,159650,0.174,107,119,6940680931007.822,X
775,159650,python_function,<built-in method update of dict object at 0x7f24f68e03c0>,159650,0.285,107,120,6940680931010.346,X
776,159650,python_function,torch/_dynamo/eval_frame.py(628): _fn,159650,349.69,85,121,6940680931014.73,X
777,159650,python_function,torch/_dynamo/eval_frame.py(101): _maybe_set_eval_frame,159650,37.161,121,122,6940680931016.26,X
778,159650,python_function,torch/_utils_internal.py(271): justknobs_check,159650,5.417,122,123,6940680931045.287,X
779,159650,python_function,<built-in function set_eval_frame>,159650,0.653,122,124,6940680931052.644,X
780,159650,python_function,torch/optim/optimizer.py(916): zero_grad,159650,302.354,121,125,6940680931055.332,X
781,159650,python_function,<built-in method get of dict object at 0x7f24f6cdde80>,159650,0.603,125,126,6940680931058.381,X
782,159650,python_function,<built-in method get of dict object at 0x7f24f6cdde80>,159650,0.108,125,127,6940680931064.5,X
783,159650,python_function,<built-in function hasattr>,159650,0.502,125,128,6940680931065.501,X
784,159650,python_function,torch/autograd/profiler.py(721): __init__,159650,4.064,125,129,6940680931069.054,X
785,159650,python_function,typing.py(306): inner,159650,1.447,129,130,6940680931070.55,X
786,159650,python_function,torch/jit/__init__.py(128): annotate,159650,0.139,129,131,6940680931072.662,X
787,159650,python_function,torch/autograd/profiler.py(732): __enter__,159650,22.394,125,132,6940680931074.222,X
788,159650,python_function,torch/_ops.py(1105): __call__,159650,19.929,132,133,6940680931076.094,X
789,159650,python_function,<built-in method _record_function_enter_new of PyCapsule object at 0x7f25053b2ca0>,159650,18.815,133,134,6940680931077.045,X
790,159650,python_function,torch/autograd/profiler.py(738): __exit__,159650,120.222,125,135,6940680931234.26,X
791,159650,python_function,torch/_jit_internal.py(103): is_scripting,159650,0.33,135,136,6940680931236.42,X
792,159650,python_function,torch/_ops.py(939): __call__,159650,107.87,135,137,6940680931243.498,X
793,159650,python_function,torch/_ops.py(993): _must_dispatch_in_python,159650,77.854,137,138,6940680931259.492,X
794,159650,python_function,torch/utils/_pytree.py(1197): tree_any,159650,44.652,138,139,6940680931292.126,X
795,159650,python_function,<built-in function any>,159650,40.382,139,140,6940680931296.132,X
796,159650,python_function,torch/utils/_pytree.py(890): tree_iter,159650,22.874,140,141,6940680931296.656,X
797,159650,python_function,torch/utils/_pytree.py(672): _is_leaf,159650,7.538,141,142,6940680931297.984,X
798,159650,python_function,torch/utils/_pytree.py(665): _get_node_type,159650,5.873,142,143,6940680931298.98,X
799,159650,python_function,torch/utils/_pytree.py(654): _is_namedtuple_instance,159650,4.55,143,144,6940680931299.993,X
800,159650,python_function,<built-in function len>,159650,0.246,144,145,6940680931303.43,X
801,159650,python_function,torch/utils/_pytree.py(665): _get_node_type,159650,1.102,141,146,6940680931306.162,X
802,159650,python_function,torch/utils/_pytree.py(654): _is_namedtuple_instance,159650,0.649,146,147,6940680931306.485,X
803,159650,python_function,<built-in function len>,159650,0.09,147,148,6940680931306.853,X
804,159650,python_function,torch/utils/_pytree.py(411): _tuple_flatten,159650,0.723,141,149,6940680931308.697,X
805,159650,python_function,torch/utils/_pytree.py(890): tree_iter,159650,8.239,141,150,6940680931311.179,X
806,159650,python_function,torch/utils/_pytree.py(672): _is_leaf,159650,1.439,150,151,6940680931311.54,X
807,159650,python_function,torch/utils/_pytree.py(665): _get_node_type,159650,0.854,151,152,6940680931311.951,X
808,159650,python_function,torch/utils/_pytree.py(654): _is_namedtuple_instance,159650,0.504,152,153,6940680931312.183,X
809,159650,python_function,<built-in function len>,159650,0.065,153,154,6940680931312.457,X
810,159650,python_function,torch/utils/_pytree.py(665): _get_node_type,159650,0.743,150,155,6940680931313.277,X
811,159650,python_function,torch/utils/_pytree.py(654): _is_namedtuple_instance,159650,0.428,155,156,6940680931313.469,X
812,159650,python_function,<built-in function len>,159650,0.046,156,157,6940680931313.702,X
813,159650,python_function,torch/utils/_pytree.py(411): _tuple_flatten,159650,0.453,150,158,6940680931314.417,X
814,159650,python_function,torch/utils/_pytree.py(890): tree_iter,159650,3.113,150,159,6940680931316.102,X
815,159650,python_function,torch/utils/_pytree.py(672): _is_leaf,159650,2.621,159,160,6940680931316.387,X
816,159650,python_function,torch/utils/_pytree.py(665): _get_node_type,159650,2.153,160,161,6940680931316.651,X
817,159650,python_function,torch/utils/_pytree.py(654): _is_namedtuple_instance,159650,1.857,161,162,6940680931316.832,X
818,159650,python_function,<built-in function len>,159650,0.048,162,163,6940680931318.39,X
819,159650,python_function,torch/_ops.py(995): <lambda>,159650,2.644,140,164,6940680931320.128,X
820,159650,python_function,<built-in function isinstance>,159650,0.575,164,165,6940680931322.137,X
821,159650,python_function,torch/utils/_pytree.py(904): tree_iter,159650,12.514,140,166,6940680931323.474,X
822,159650,python_function,torch/utils/_pytree.py(904): tree_iter,159650,1.158,166,167,6940680931324.001,X
823,159650,python_function,torch/utils/_pytree.py(896): tree_iter,159650,0.156,167,168,6940680931324.403,X
824,159650,python_function,torch/utils/_pytree.py(890): tree_iter,159650,9.64,166,169,6940680931325.916,X
825,159650,python_function,torch/utils/_pytree.py(672): _is_leaf,159650,1.414,169,170,6940680931326.166,X
826,159650,python_function,torch/utils/_pytree.py(665): _get_node_type,159650,0.951,170,171,6940680931326.45,X
827,159650,python_function,torch/utils/_pytree.py(654): _is_namedtuple_instance,159650,0.615,171,172,6940680931326.641,X
828,159650,python_function,<built-in function len>,159650,0.043,172,173,6940680931327.001,X
829,159650,python_function,torch/utils/_pytree.py(665): _get_node_type,159650,0.74,169,174,6940680931327.808,X
830,159650,python_function,torch/utils/_pytree.py(654): _is_namedtuple_instance,159650,0.417,174,175,6940680931328.031,X
831,159650,python_function,<built-in function len>,159650,0.046,175,176,6940680931328.255,X
832,159650,python_function,torch/utils/_pytree.py(439): _dict_flatten,159650,5.894,169,177,6940680931329.158,X
833,159650,python_function,<built-in method values of dict object at 0x7f24f68e0480>,159650,0.224,177,178,6940680931331.667,X
834,159650,python_function,<built-in method keys of dict object at 0x7f24f68e0480>,159650,0.137,177,179,6940680931334.32,X
835,159650,python_function,<built-in method  of PyCapsule object at 0x7f26842580c0>,159650,11.424,137,180,6940680931339.791,X
836,159650,python_function,<built-in method __exit__ of torch._C.DisableTorchFunctionSubclass object at 0x7f24f6cf5170>,159650,0.335,135,181,6940680931353.852,X
837,159650,python_function,torch/_dynamo/eval_frame.py(101): _maybe_set_eval_frame,159650,5.611,121,182,6940680931358.613,X
838,159650,python_function,torch/_utils_internal.py(271): justknobs_check,159650,0.171,182,183,6940680931363.19,X
839,159650,python_function,<built-in function set_eval_frame>,159650,0.373,182,184,6940680931363.774,X
840,159650,python_function,torch/_tensor.py(525): backward,159650,17280.611,57,185,6940680931366.74,X
841,159650,python_function,<built-in function _has_torch_function_unary>,159650,0.21,185,186,6940680931368.689,X
842,159650,python_function,torch/autograd/__init__.py(242): backward,159650,17268.121,185,187,6940680931371.044,X
843,159650,python_function,<built-in method _are_functorch_transforms_active of PyCapsule object at 0x7f2687508930>,159650,1.285,187,188,6940680931373.966,X
844,159650,python_function,<built-in function isinstance>,159650,0.17,187,189,6940680931378.436,X
845,159650,python_function,<built-in function isinstance>,159650,0.75,187,190,6940680931380.293,X
846,159650,python_function,<built-in function len>,159650,0.141,187,191,6940680931381.845,X
847,159650,python_function,torch/autograd/__init__.py(232): _tensor_or_tensors_to_tuple,159650,1.04,187,192,6940680931382.838,X
848,159650,python_function,torch/autograd/__init__.py(88): _make_grads,159650,2629.475,187,193,6940680931385.473,X
849,159650,python_function,typing.py(306): inner,159650,1.002,193,194,6940680931388.934,X
850,159650,python_function,typing.py(1737): cast,159650,0.371,193,195,6940680931390.662,X
851,159650,python_function,<built-in function isinstance>,159650,0.283,193,196,6940680931391.816,X
852,159650,python_function,<built-in function isinstance>,159650,0.107,193,197,6940680931397.502,X
853,159650,python_function,<built-in function isinstance>,159650,0.404,193,198,6940680931401.292,X
854,159650,python_function,<built-in function isinstance>,159650,0.138,193,199,6940680931402.719,X
855,159650,python_function,<built-in function isinstance>,159650,0.122,193,200,6940680931404.507,X
856,159650,python_function,<built-in function isinstance>,159650,0.059,193,201,6940680931405.087,X
857,159650,python_function,<built-in method numel of Tensor object at 0x7f24f6897830>,159650,1.336,193,202,6940680931407.254,X
858,159650,python_function,<built-in function isinstance>,159650,0.149,193,203,6940680931410.112,X
859,159650,python_function,<built-in function isinstance>,159650,0.062,193,204,6940680931410.789,X
860,159650,python_function,<built-in method ones_like of type object at 0x7f265fe5f1c0>,159650,2589.134,193,205,6940680931414.58,X
861,159650,python_function,<built-in method append of list object at 0x7f24f68e0ec0>,159650,0.422,193,206,6940680934011.599,X
862,159650,python_function,torch/autograd/graph.py(816): _engine_run_backward,159650,14617.796,187,207,6940680934019.943,X
863,159650,python_function,logging/__init__.py(1710): getEffectiveLevel,159650,3.652,207,208,6940680934023.545,X
864,159650,python_function,<built-in method run_backward of torch._C._EngineBase object at 0x7f2674712540>,159650,14600.202,207,209,6940680934035.839,X
865,159650,python_function,torch/optim/optimizer.py(467): wrapper,159650,28951.933,57,210,6940680948653.099,X
866,159650,python_function,typing.py(1737): cast,159650,0.326,210,211,6940680948672.904,X
867,159650,python_function,torch/autograd/profiler.py(721): __init__,159650,7.337,210,212,6940680948679.103,X
868,159650,python_function,typing.py(306): inner,159650,2.075,212,213,6940680948682.51,X
869,159650,python_function,torch/jit/__init__.py(128): annotate,159650,0.499,212,214,6940680948685.536,X
870,159650,python_function,torch/autograd/profiler.py(732): __enter__,159650,41.94,210,215,6940680948687.491,X
871,159650,python_function,torch/_ops.py(1105): __call__,159650,37.139,215,216,6940680948691.504,X
872,159650,python_function,<built-in method _record_function_enter_new of PyCapsule object at 0x7f25053b2ca0>,159650,35.337,216,217,6940680948693.073,X
873,159650,python_function,<built-in method values of collections.OrderedDict object at 0x7f2505727f40>,159650,0.683,210,218,6940680948737.394,X
874,159650,python_function,<built-in method values of collections.OrderedDict object at 0x7f2505727f40>,159650,0.041,210,219,6940680948739.954,X
875,159650,python_function,torch/optim/optimizer.py(72): _use_grad,159650,28427.009,210,220,6940680948749.886,X
876,159650,python_function,<built-in function is_grad_enabled>,159650,1.079,220,221,6940680948755.172,X
877,159650,python_function,torch/autograd/grad_mode.py(184): __init__,159650,29.541,220,222,6940680948779.051,X
878,159650,python_function,<built-in function is_grad_enabled>,159650,0.124,222,223,6940680948793.139,X
879,159650,python_function,<built-in function _set_grad_enabled>,159650,2.872,222,224,6940680948800.899,X
880,159650,python_function,torch/_dynamo/decorators.py(152): graph_break,159650,0.554,220,225,6940680948811.352,X
881,159650,python_function,torch/optim/sgd.py(101): step,159650,28332.59,220,226,6940680948817.48,X
882,159650,python_function,torch/optim/sgd.py(80): _init_group,159650,103.26,226,227,6940680948825.749,X
883,159650,python_function,<built-in method append of list object at 0x7f24f68e0ec0>,159650,0.228,227,228,6940680948830.778,X
884,159650,python_function,<built-in method append of list object at 0x7f24f68e0ec0>,159650,0.042,227,229,6940680948832.245,X
885,159650,python_function,<built-in method append of list object at 0x7f24f68e0ec0>,159650,0.088,227,230,6940680948835.698,X
886,159650,python_function,<built-in method append of list object at 0x7f24f68e0ec0>,159650,0.042,227,231,6940680948836.348,X
887,159650,python_function,<built-in method append of list object at 0x7f24f68e0ec0>,159650,0.043,227,232,6940680948837.605,X
888,159650,python_function,<built-in method append of list object at 0x7f24f68e0ec0>,159650,0.042,227,233,6940680948838.024,X
889,159650,python_function,<built-in method append of list object at 0x7f24f68e0ec0>,159650,0.043,227,234,6940680948839.238,X
890,159650,python_function,<built-in method append of list object at 0x7f24f68e0ec0>,159650,0.043,227,235,6940680948839.782,X
891,159650,python_function,<built-in method append of list object at 0x7f24f68e0ec0>,159650,0.192,227,236,6940680948840.986,X
892,159650,python_function,<built-in method append of list object at 0x7f24f68e0ec0>,159650,0.106,227,237,6940680948841.625,X
893,159650,python_function,<built-in method append of list object at 0x7f24f68e0ec0>,159650,0.07,227,238,6940680948842.827,X
894,159650,python_function,<built-in method append of list object at 0x7f24f68e0ec0>,159650,0.063,227,239,6940680948843.264,X
895,159650,python_function,<built-in method append of list object at 0x7f24f68e0ec0>,159650,0.043,227,240,6940680948844.482,X
896,159650,python_function,<built-in method append of list object at 0x7f24f68e0ec0>,159650,0.043,227,241,6940680948844.886,X
897,159650,python_function,<built-in method append of list object at 0x7f24f68e0ec0>,159650,0.043,227,242,6940680948845.994,X
898,159650,python_function,<built-in method append of list object at 0x7f24f68e0ec0>,159650,0.043,227,243,6940680948846.4,X
899,159650,python_function,<built-in method append of list object at 0x7f24f68e0ec0>,159650,0.151,227,244,6940680948847.824,X
900,159650,python_function,<built-in method append of list object at 0x7f24f68e0ec0>,159650,0.181,227,245,6940680948848.353,X
901,159650,python_function,<built-in method append of list object at 0x7f24f68e0ec0>,159650,0.045,227,246,6940680948849.75,X
902,159650,python_function,<built-in method append of list object at 0x7f24f68e0ec0>,159650,0.044,227,247,6940680948850.149,X
903,159650,python_function,<built-in method append of list object at 0x7f24f68e0ec0>,159650,0.043,227,248,6940680948851.321,X
904,159650,python_function,<built-in method append of list object at 0x7f24f68e0ec0>,159650,0.043,227,249,6940680948851.777,X
905,159650,python_function,<built-in method append of list object at 0x7f24f68e0ec0>,159650,0.043,227,250,6940680948852.957,X
906,159650,python_function,<built-in method append of list object at 0x7f24f68e0ec0>,159650,0.043,227,251,6940680948853.363,X
907,159650,python_function,<built-in method append of list object at 0x7f24f68e0ec0>,159650,0.044,227,252,6940680948854.578,X
908,159650,python_function,<built-in method append of list object at 0x7f24f68e0ec0>,159650,0.043,227,253,6940680948855.035,X
909,159650,python_function,<built-in method append of list object at 0x7f24f68e0ec0>,159650,0.043,227,254,6940680948856.083,X
910,159650,python_function,<built-in method append of list object at 0x7f24f68e0ec0>,159650,0.043,227,255,6940680948856.487,X
911,159650,python_function,<built-in method append of list object at 0x7f24f68e0ec0>,159650,0.044,227,256,6940680948857.528,X
912,159650,python_function,<built-in method append of list object at 0x7f24f68e0ec0>,159650,0.043,227,257,6940680948857.934,X
913,159650,python_function,<built-in method append of list object at 0x7f24f68e0ec0>,159650,0.226,227,258,6940680948859.042,X
914,159650,python_function,<built-in method append of list object at 0x7f24f68e0ec0>,159650,0.043,227,259,6940680948859.649,X
915,159650,python_function,<built-in method append of list object at 0x7f24f68e0ec0>,159650,0.124,227,260,6940680948860.984,X
916,159650,python_function,<built-in method append of list object at 0x7f24f68e0ec0>,159650,0.392,227,261,6940680948861.485,X
917,159650,python_function,<built-in method append of list object at 0x7f24f68e0ec0>,159650,0.046,227,262,6940680948863.044,X
918,159650,python_function,<built-in method append of list object at 0x7f24f68e0ec0>,159650,0.043,227,263,6940680948863.462,X
919,159650,python_function,<built-in method append of list object at 0x7f24f68e0ec0>,159650,0.043,227,264,6940680948864.596,X
920,159650,python_function,<built-in method append of list object at 0x7f24f68e0ec0>,159650,0.043,227,265,6940680948864.995,X
921,159650,python_function,<built-in method append of list object at 0x7f24f68e0ec0>,159650,0.045,227,266,6940680948866.093,X
922,159650,python_function,<built-in method append of list object at 0x7f24f68e0ec0>,159650,0.044,227,267,6940680948866.492,X
923,159650,python_function,<built-in method append of list object at 0x7f24f68e0ec0>,159650,0.043,227,268,6940680948867.695,X
924,159650,python_function,<built-in method append of list object at 0x7f24f68e0ec0>,159650,0.044,227,269,6940680948868.195,X
925,159650,python_function,<built-in method append of list object at 0x7f24f68e0ec0>,159650,0.045,227,270,6940680948869.269,X
926,159650,python_function,<built-in method append of list object at 0x7f24f68e0ec0>,159650,0.043,227,271,6940680948869.67,X
927,159650,python_function,<built-in method append of list object at 0x7f24f68e0ec0>,159650,0.043,227,272,6940680948870.746,X
928,159650,python_function,<built-in method append of list object at 0x7f24f68e0ec0>,159650,0.043,227,273,6940680948871.144,X
929,159650,python_function,<built-in method append of list object at 0x7f24f68e0ec0>,159650,0.043,227,274,6940680948872.203,X
930,159650,python_function,<built-in method append of list object at 0x7f24f68e0ec0>,159650,0.043,227,275,6940680948872.608,X
931,159650,python_function,<built-in method append of list object at 0x7f24f68e0ec0>,159650,0.248,227,276,6940680948873.956,X
932,159650,python_function,<built-in method append of list object at 0x7f24f68e0ec0>,159650,0.082,227,277,6940680948874.667,X
933,159650,python_function,<built-in method append of list object at 0x7f24f68e0ec0>,159650,0.043,227,278,6940680948876.031,X
934,159650,python_function,<built-in method append of list object at 0x7f24f68e0ec0>,159650,0.043,227,279,6940680948876.432,X
935,159650,python_function,<built-in method append of list object at 0x7f24f68e0ec0>,159650,0.044,227,280,6940680948877.681,X
936,159650,python_function,<built-in method append of list object at 0x7f24f68e0ec0>,159650,0.043,227,281,6940680948878.163,X
937,159650,python_function,<built-in method append of list object at 0x7f24f68e0ec0>,159650,0.042,227,282,6940680948879.208,X
938,159650,python_function,<built-in method append of list object at 0x7f24f68e0ec0>,159650,0.042,227,283,6940680948879.609,X
939,159650,python_function,<built-in method append of list object at 0x7f24f68e0ec0>,159650,0.045,227,284,6940680948880.752,X
940,159650,python_function,<built-in method append of list object at 0x7f24f68e0ec0>,159650,0.043,227,285,6940680948881.151,X
941,159650,python_function,<built-in method append of list object at 0x7f24f68e0ec0>,159650,0.043,227,286,6940680948882.217,X
942,159650,python_function,<built-in method append of list object at 0x7f24f68e0ec0>,159650,0.043,227,287,6940680948882.625,X
943,159650,python_function,<built-in method append of list object at 0x7f24f68e0ec0>,159650,0.043,227,288,6940680948883.68,X
944,159650,python_function,<built-in method append of list object at 0x7f24f68e0ec0>,159650,0.043,227,289,6940680948884.085,X
945,159650,python_function,<built-in method append of list object at 0x7f24f68e0ec0>,159650,0.043,227,290,6940680948885.159,X
946,159650,python_function,<built-in method append of list object at 0x7f24f68e0ec0>,159650,0.064,227,291,6940680948885.655,X
947,159650,python_function,<built-in method append of list object at 0x7f24f68e0ec0>,159650,0.088,227,292,6940680948887.011,X
948,159650,python_function,<built-in method append of list object at 0x7f24f68e0ec0>,159650,0.25,227,293,6940680948888.009,X
949,159650,python_function,<built-in method append of list object at 0x7f24f68e0ec0>,159650,0.043,227,294,6940680948889.487,X
950,159650,python_function,<built-in method append of list object at 0x7f24f68e0ec0>,159650,0.043,227,295,6940680948889.891,X
951,159650,python_function,<built-in method append of list object at 0x7f24f68e0ec0>,159650,0.043,227,296,6940680948890.987,X
952,159650,python_function,<built-in method append of list object at 0x7f24f68e0ec0>,159650,0.043,227,297,6940680948891.382,X
953,159650,python_function,<built-in method append of list object at 0x7f24f68e0ec0>,159650,0.064,227,298,6940680948892.86,X
954,159650,python_function,<built-in method append of list object at 0x7f24f68e0ec0>,159650,0.043,227,299,6940680948893.3,X
955,159650,python_function,<built-in method append of list object at 0x7f24f68e0ec0>,159650,0.052,227,300,6940680948894.552,X
956,159650,python_function,<built-in method append of list object at 0x7f24f68e0ec0>,159650,0.044,227,301,6940680948894.954,X
957,159650,python_function,<built-in method append of list object at 0x7f24f68e0ec0>,159650,0.044,227,302,6940680948896.126,X
958,159650,python_function,<built-in method append of list object at 0x7f24f68e0ec0>,159650,0.044,227,303,6940680948896.517,X
959,159650,python_function,<built-in method append of list object at 0x7f24f68e0ec0>,159650,0.042,227,304,6940680948897.611,X
960,159650,python_function,<built-in method append of list object at 0x7f24f68e0ec0>,159650,0.043,227,305,6940680948898.016,X
961,159650,python_function,<built-in method append of list object at 0x7f24f68e0ec0>,159650,0.045,227,306,6940680948899.303,X
962,159650,python_function,<built-in method append of list object at 0x7f24f68e0ec0>,159650,0.043,227,307,6940680948899.699,X
963,159650,python_function,<built-in method append of list object at 0x7f24f68e0ec0>,159650,0.396,227,308,6940680948900.902,X
964,159650,python_function,<built-in method append of list object at 0x7f24f68e0ec0>,159650,0.147,227,309,6940680948901.728,X
965,159650,python_function,<built-in method append of list object at 0x7f24f68e0ec0>,159650,0.063,227,310,6940680948903.262,X
966,159650,python_function,<built-in method append of list object at 0x7f24f68e0ec0>,159650,0.044,227,311,6940680948903.687,X
967,159650,python_function,<built-in method append of list object at 0x7f24f68e0ec0>,159650,0.043,227,312,6940680948904.759,X
968,159650,python_function,<built-in method append of list object at 0x7f24f68e0ec0>,159650,0.044,227,313,6940680948905.163,X
969,159650,python_function,<built-in method append of list object at 0x7f24f68e0ec0>,159650,0.044,227,314,6940680948906.348,X
970,159650,python_function,<built-in method append of list object at 0x7f24f68e0ec0>,159650,0.043,227,315,6940680948906.746,X
971,159650,python_function,<built-in method append of list object at 0x7f24f68e0ec0>,159650,0.043,227,316,6940680948907.819,X
972,159650,python_function,<built-in method append of list object at 0x7f24f68e0ec0>,159650,0.043,227,317,6940680948908.223,X
973,159650,python_function,<built-in method append of list object at 0x7f24f68e0ec0>,159650,0.043,227,318,6940680948909.267,X
974,159650,python_function,<built-in method append of list object at 0x7f24f68e0ec0>,159650,0.043,227,319,6940680948909.67,X
975,159650,python_function,<built-in method append of list object at 0x7f24f68e0ec0>,159650,0.045,227,320,6940680948910.778,X
976,159650,python_function,<built-in method append of list object at 0x7f24f68e0ec0>,159650,0.043,227,321,6940680948911.184,X
977,159650,python_function,<built-in method append of list object at 0x7f24f68e0ec0>,159650,0.043,227,322,6940680948912.399,X
978,159650,python_function,<built-in method append of list object at 0x7f24f68e0ec0>,159650,0.042,227,323,6940680948912.803,X
979,159650,python_function,<built-in method append of list object at 0x7f24f68e0ec0>,159650,0.043,227,324,6940680948914.012,X
980,159650,python_function,<built-in method append of list object at 0x7f24f68e0ec0>,159650,0.043,227,325,6940680948914.419,X
981,159650,python_function,<built-in method append of list object at 0x7f24f68e0ec0>,159650,0.043,227,326,6940680948915.467,X
982,159650,python_function,<built-in method append of list object at 0x7f24f68e0ec0>,159650,0.043,227,327,6940680948915.867,X
983,159650,python_function,<built-in method append of list object at 0x7f24f68e0ec0>,159650,0.043,227,328,6940680948916.93,X
984,159650,python_function,<built-in method append of list object at 0x7f24f68e0ec0>,159650,0.044,227,329,6940680948917.335,X
985,159650,python_function,<built-in method append of list object at 0x7f24f68e0ec0>,159650,0.043,227,330,6940680948918.471,X
986,159650,python_function,<built-in method append of list object at 0x7f24f68e0ec0>,159650,0.043,227,331,6940680948918.869,X
987,159650,python_function,<built-in method append of list object at 0x7f24f68e0ec0>,159650,0.186,227,332,6940680948919.96,X
988,159650,python_function,<built-in method append of list object at 0x7f24f68e0ec0>,159650,0.144,227,333,6940680948920.555,X
989,159650,python_function,<built-in method append of list object at 0x7f24f68e0ec0>,159650,0.043,227,334,6940680948921.899,X
990,159650,python_function,<built-in method append of list object at 0x7f24f68e0ec0>,159650,0.044,227,335,6940680948922.3,X
991,159650,python_function,<built-in method append of list object at 0x7f24f68e0ec0>,159650,0.043,227,336,6940680948923.406,X
992,159650,python_function,<built-in method append of list object at 0x7f24f68e0ec0>,159650,0.043,227,337,6940680948923.812,X
993,159650,python_function,<built-in method append of list object at 0x7f24f68e0ec0>,159650,0.043,227,338,6940680948924.857,X
994,159650,python_function,<built-in method append of list object at 0x7f24f68e0ec0>,159650,0.043,227,339,6940680948925.261,X
995,159650,python_function,<built-in method append of list object at 0x7f24f68e0ec0>,159650,0.045,227,340,6940680948926.384,X
996,159650,python_function,<built-in method append of list object at 0x7f24f68e0ec0>,159650,0.043,227,341,6940680948926.79,X
997,159650,python_function,<built-in method append of list object at 0x7f24f68e0ec0>,159650,0.043,227,342,6940680948927.84,X
998,159650,python_function,<built-in method append of list object at 0x7f24f68e0ec0>,159650,0.043,227,343,6940680948928.246,X
999,159650,python_function,<built-in function getattr>,159650,0.886,226,344,6940680948934.02,X
1000,159650,python_function,<built-in function getattr>,159650,0.242,226,345,6940680948935.334,X
1001,159650,python_function,torch/optim/sgd.py(244): sgd,159650,28210.66,226,346,6940680948937.648,X
1002,159650,python_function,torch/_jit_internal.py(103): is_scripting,159650,0.167,346,347,6940680948939.712,X
1003,159650,python_function,torch/optim/optimizer.py(167): _default_to_fused_or_foreach,159650,124.829,346,348,6940680948941.679,X
1004,159650,python_function,torch/_jit_internal.py(103): is_scripting,159650,0.064,348,349,6940680948943.087,X
1005,159650,python_function,torch/utils/_foreach_utils.py(12): _get_fused_kernels_supported_devices,159650,11.023,348,350,6940680948945.761,X
1006,159650,python_function,<built-in function _get_privateuse1_backend_name>,159650,1.62,350,351,6940680948954.871,X
1007,159650,python_function,torch/utils/_foreach_utils.py(8): _get_foreach_kernels_supported_devices,159650,1.319,348,352,6940680948957.934,X
1008,159650,python_function,<built-in function _get_privateuse1_backend_name>,159650,0.302,352,353,6940680948958.791,X
1009,159650,python_function,<built-in function all>,159650,103.293,348,354,6940680948962.753,X
1010,159650,python_function,torch/optim/optimizer.py(184): <genexpr>,159650,17.652,354,355,6940680948963.27,X
1011,159650,python_function,torch/optim/optimizer.py(184): <genexpr>,159650,1.881,354,356,6940680948981.375,X
1012,159650,python_function,torch/optim/optimizer.py(184): <genexpr>,159650,1.246,354,357,6940680948983.482,X
1013,159650,python_function,torch/optim/optimizer.py(184): <genexpr>,159650,1.261,354,358,6940680948984.931,X
1014,159650,python_function,torch/optim/optimizer.py(184): <genexpr>,159650,1.269,354,359,6940680948986.398,X
1015,159650,python_function,torch/optim/optimizer.py(184): <genexpr>,159650,1.249,354,360,6940680948987.87,X
1016,159650,python_function,torch/optim/optimizer.py(184): <genexpr>,159650,1.245,354,361,6940680948989.322,X
1017,159650,python_function,torch/optim/optimizer.py(184): <genexpr>,159650,1.237,354,362,6940680948990.77,X
1018,159650,python_function,torch/optim/optimizer.py(184): <genexpr>,159650,1.238,354,363,6940680948992.209,X
1019,159650,python_function,torch/optim/optimizer.py(184): <genexpr>,159650,1.244,354,364,6940680948993.652,X
1020,159650,python_function,torch/optim/optimizer.py(184): <genexpr>,159650,1.248,354,365,6940680948995.099,X
1021,159650,python_function,torch/optim/optimizer.py(184): <genexpr>,159650,1.342,354,366,6940680948996.55,X
1022,159650,python_function,torch/optim/optimizer.py(184): <genexpr>,159650,1.272,354,367,6940680948998.093,X
1023,159650,python_function,torch/optim/optimizer.py(184): <genexpr>,159650,1.263,354,368,6940680948999.568,X
1024,159650,python_function,torch/optim/optimizer.py(184): <genexpr>,159650,1.233,354,369,6940680949001.036,X
1025,159650,python_function,torch/optim/optimizer.py(184): <genexpr>,159650,1.249,354,370,6940680949002.551,X
1026,159650,python_function,torch/optim/optimizer.py(184): <genexpr>,159650,1.24,354,371,6940680949004.003,X
1027,159650,python_function,torch/optim/optimizer.py(184): <genexpr>,159650,1.248,354,372,6940680949005.445,X
1028,159650,python_function,torch/optim/optimizer.py(184): <genexpr>,159650,1.236,354,373,6940680949006.898,X
1029,159650,python_function,torch/optim/optimizer.py(184): <genexpr>,159650,1.235,354,374,6940680949008.337,X
1030,159650,python_function,torch/optim/optimizer.py(184): <genexpr>,159650,1.24,354,375,6940680949009.772,X
1031,159650,python_function,torch/optim/optimizer.py(184): <genexpr>,159650,1.238,354,376,6940680949011.215,X
1032,159650,python_function,torch/optim/optimizer.py(184): <genexpr>,159650,1.285,354,377,6940680949012.654,X
1033,159650,python_function,torch/optim/optimizer.py(184): <genexpr>,159650,1.242,354,378,6940680949014.142,X
1034,159650,python_function,torch/optim/optimizer.py(184): <genexpr>,159650,1.235,354,379,6940680949015.587,X
1035,159650,python_function,torch/optim/optimizer.py(184): <genexpr>,159650,1.246,354,380,6940680949017.026,X
1036,159650,python_function,torch/optim/optimizer.py(184): <genexpr>,159650,1.237,354,381,6940680949018.475,X
1037,159650,python_function,torch/optim/optimizer.py(184): <genexpr>,159650,1.288,354,382,6940680949019.916,X
1038,159650,python_function,torch/optim/optimizer.py(184): <genexpr>,159650,1.299,354,383,6940680949021.408,X
1039,159650,python_function,torch/optim/optimizer.py(184): <genexpr>,159650,1.246,354,384,6940680949022.91,X
1040,159650,python_function,torch/optim/optimizer.py(184): <genexpr>,159650,1.237,354,385,6940680949024.36,X
1041,159650,python_function,torch/optim/optimizer.py(184): <genexpr>,159650,1.235,354,386,6940680949025.8,X
1042,159650,python_function,torch/optim/optimizer.py(184): <genexpr>,159650,1.287,354,387,6940680949027.238,X
1043,159650,python_function,torch/optim/optimizer.py(184): <genexpr>,159650,1.26,354,388,6940680949028.729,X
1044,159650,python_function,torch/optim/optimizer.py(184): <genexpr>,159650,1.243,354,389,6940680949030.19,X
1045,159650,python_function,torch/optim/optimizer.py(184): <genexpr>,159650,1.251,354,390,6940680949031.636,X
1046,159650,python_function,torch/optim/optimizer.py(184): <genexpr>,159650,1.283,354,391,6940680949033.09,X
1047,159650,python_function,torch/optim/optimizer.py(184): <genexpr>,159650,1.271,354,392,6940680949034.577,X
1048,159650,python_function,torch/optim/optimizer.py(184): <genexpr>,159650,1.23,354,393,6940680949036.051,X
1049,159650,python_function,torch/optim/optimizer.py(184): <genexpr>,159650,1.25,354,394,6940680949037.571,X
1050,159650,python_function,torch/optim/optimizer.py(184): <genexpr>,159650,1.323,354,395,6940680949039.024,X
1051,159650,python_function,torch/optim/optimizer.py(184): <genexpr>,159650,1.248,354,396,6940680949040.55,X
1052,159650,python_function,torch/optim/optimizer.py(184): <genexpr>,159650,1.236,354,397,6940680949042.001,X
1053,159650,python_function,torch/optim/optimizer.py(184): <genexpr>,159650,1.269,354,398,6940680949043.441,X
1054,159650,python_function,torch/optim/optimizer.py(184): <genexpr>,159650,1.277,354,399,6940680949044.913,X
1055,159650,python_function,torch/optim/optimizer.py(184): <genexpr>,159650,1.274,354,400,6940680949046.393,X
1056,159650,python_function,torch/optim/optimizer.py(184): <genexpr>,159650,1.241,354,401,6940680949047.889,X
1057,159650,python_function,torch/optim/optimizer.py(184): <genexpr>,159650,1.284,354,402,6940680949049.333,X
1058,159650,python_function,torch/optim/optimizer.py(184): <genexpr>,159650,1.245,354,403,6940680949050.821,X
1059,159650,python_function,torch/optim/optimizer.py(184): <genexpr>,159650,1.235,354,404,6940680949052.269,X
1060,159650,python_function,torch/optim/optimizer.py(184): <genexpr>,159650,1.275,354,405,6940680949053.707,X
1061,159650,python_function,torch/optim/optimizer.py(184): <genexpr>,159650,1.269,354,406,6940680949055.186,X
1062,159650,python_function,torch/optim/optimizer.py(184): <genexpr>,159650,1.292,354,407,6940680949056.658,X
1063,159650,python_function,torch/optim/optimizer.py(184): <genexpr>,159650,1.255,354,408,6940680949058.182,X
1064,159650,python_function,torch/optim/optimizer.py(184): <genexpr>,159650,1.275,354,409,6940680949059.639,X
1065,159650,python_function,torch/optim/optimizer.py(184): <genexpr>,159650,1.246,354,410,6940680949061.118,X
1066,159650,python_function,torch/optim/optimizer.py(184): <genexpr>,159650,1.245,354,411,6940680949062.566,X
1067,159650,python_function,torch/optim/optimizer.py(184): <genexpr>,159650,1.239,354,412,6940680949064.015,X
1068,159650,python_function,torch/optim/optimizer.py(184): <genexpr>,159650,0.235,354,413,6940680949065.456,X
1069,159650,python_function,torch/_jit_internal.py(103): is_scripting,159650,0.088,346,414,6940680949068.738,X
1070,159650,python_function,torch/_jit_internal.py(103): is_scripting,159650,0.064,346,415,6940680949069.564,X
1071,159650,python_function,torch/optim/sgd.py(354): _multi_tensor_sgd,159650,28072.815,346,416,6940680949071.507,X
1072,159650,python_function,<built-in function len>,159650,0.238,416,417,6940680949073.205,X
1073,159650,python_function,torch/optim/optimizer.py(501): _group_tensors_by_device_and_dtype,159650,204.797,416,418,6940680949076.327,X
1074,159650,python_function,torch/_utils.py(867): is_compiling,159650,19.41,418,419,6940680949079.731,X
1075,159650,python_function,torch/compiler/__init__.py(292): is_compiling,159650,1.655,419,420,6940680949097.333,X
1076,159650,python_function,torch/_jit_internal.py(103): is_scripting,159650,0.061,420,421,6940680949098.449,X
1077,159650,python_function,torch/utils/_contextlib.py(113): decorate_context,159650,159.447,418,422,6940680949120.833,X
1078,159650,python_function,torch/utils/_contextlib.py(146): clone,159650,60.078,422,423,6940680949125.93,X
1079,159650,python_function,torch/utils/_contextlib.py(154): __new__,159650,17.998,423,424,6940680949134.121,X
1080,159650,python_function,<built-in method __new__ of type object at 0x7437e0>,159650,0.875,424,425,6940680949151.033,X
1081,159650,python_function,torch/autograd/grad_mode.py(75): __init__,159650,9.117,423,426,6940680949176.362,X
1082,159650,python_function,torch/_jit_internal.py(103): is_scripting,159650,0.153,426,427,6940680949181.142,X
1083,159650,python_function,torch/autograd/grad_mode.py(80): __enter__,159650,9.543,422,428,6940680949188.47,X
1084,159650,python_function,<built-in function is_grad_enabled>,159650,0.836,428,429,6940680949189.593,X
1085,159650,python_function,torch/autograd/grad_mode.py(184): __init__,159650,4.153,428,430,6940680949193.001,X
1086,159650,python_function,<built-in function is_grad_enabled>,159650,0.289,430,431,6940680949193.677,X
1087,159650,python_function,<built-in function _set_grad_enabled>,159650,1.47,430,432,6940680949195.416,X
1088,159650,python_function,torch/utils/_foreach_utils.py(32): _group_tensors_by_device_and_dtype,159650,70.505,422,433,6940680949200.072,X
1089,159650,python_function,<built-in method _group_tensors_by_device_and_dtype of PyCapsule object at 0x7f268756c7e0>,159650,63.333,433,434,6940680949206.954,X
1090,159650,python_function,torch/autograd/grad_mode.py(84): __exit__,159650,6.258,422,435,6940680949272.638,X
1091,159650,python_function,torch/autograd/grad_mode.py(184): __init__,159650,3.075,435,436,6940680949275.355,X
1092,159650,python_function,<built-in function is_grad_enabled>,159650,0.49,436,437,6940680949275.849,X
1093,159650,python_function,<built-in function _set_grad_enabled>,159650,0.793,436,438,6940680949277.462,X
1094,159650,python_function,<built-in method values of dict object at 0x7f24f68e0480>,159650,0.471,416,439,6940680949283.152,X
1095,159650,python_function,typing.py(306): inner,159650,37.62,416,440,6940680949288.254,X
1096,159650,python_function,typing.py(1737): cast,159650,0.346,416,441,6940680949327.626,X
1097,159650,python_function,typing.py(306): inner,159650,0.717,416,442,6940680949329.495,X
1098,159650,python_function,typing.py(1737): cast,159650,0.265,416,443,6940680949331.711,X
1099,159650,python_function,<built-in function isinstance>,159650,1.871,416,444,6940680949353.694,X
1100,159650,python_function,<built-in method _foreach_add_ of type object at 0x7f265fe5f1c0>,159650,27776.729,416,445,6940680949365.139,X
1101,159650,python_function,torch/_dynamo/decorators.py(152): graph_break,159650,0.751,220,446,6940680977164.034,X
1102,159650,python_function,torch/autograd/grad_mode.py(184): __init__,159650,7.726,220,447,6940680977168.082,X
1103,159650,python_function,<built-in function is_grad_enabled>,159650,1.089,447,448,6940680977169.286,X
1104,159650,python_function,<built-in function _set_grad_enabled>,159650,3.15,447,449,6940680977172.43,X
1105,159650,python_function,torch/optim/optimizer.py(453): _optimizer_step_code,159650,0.583,210,450,6940680977495.64,X
1106,159650,python_function,<built-in method values of collections.OrderedDict object at 0x7f2505727f40>,159650,0.384,210,451,6940680977498.755,X
1107,159650,python_function,<built-in method values of collections.OrderedDict object at 0x7f2505727f40>,159650,0.149,210,452,6940680977500.767,X
1108,159650,python_function,torch/autograd/profiler.py(738): __exit__,159650,96.208,210,453,6940680977504.709,X
1109,159650,python_function,torch/_jit_internal.py(103): is_scripting,159650,0.173,453,454,6940680977507.486,X
1110,159650,python_function,torch/_ops.py(939): __call__,159650,83.757,453,455,6940680977515.436,X
1111,159650,python_function,torch/_ops.py(993): _must_dispatch_in_python,159650,62.397,455,456,6940680977516.832,X
1112,159650,python_function,torch/utils/_pytree.py(1197): tree_any,159650,59.046,456,457,6940680977519.566,X
1113,159650,python_function,<built-in function any>,159650,56.316,457,458,6940680977521.91,X
1114,159650,python_function,torch/utils/_pytree.py(890): tree_iter,159650,26.673,458,459,6940680977522.879,X
1115,159650,python_function,torch/utils/_pytree.py(672): _is_leaf,159650,5.354,459,460,6940680977524.241,X
1116,159650,python_function,torch/utils/_pytree.py(665): _get_node_type,159650,3.645,460,461,6940680977525.145,X
1117,159650,python_function,torch/utils/_pytree.py(654): _is_namedtuple_instance,159650,2.335,461,462,6940680977526.05,X
1118,159650,python_function,<built-in function len>,159650,0.271,462,463,6940680977527.25,X
1119,159650,python_function,torch/utils/_pytree.py(665): _get_node_type,159650,1.23,459,464,6940680977530.072,X
1120,159650,python_function,torch/utils/_pytree.py(654): _is_namedtuple_instance,159650,0.601,464,465,6940680977530.504,X
1121,159650,python_function,<built-in function len>,159650,0.055,465,466,6940680977530.855,X
1122,159650,python_function,torch/utils/_pytree.py(411): _tuple_flatten,159650,0.896,459,467,6940680977532.644,X
1123,159650,python_function,torch/utils/_pytree.py(890): tree_iter,159650,13.788,459,468,6940680977535.616,X
1124,159650,python_function,torch/utils/_pytree.py(672): _is_leaf,159650,1.827,468,469,6940680977536.036,X
1125,159650,python_function,torch/utils/_pytree.py(665): _get_node_type,159650,1.19,469,470,6940680977536.457,X
1126,159650,python_function,torch/utils/_pytree.py(654): _is_namedtuple_instance,159650,0.656,470,471,6940680977536.726,X
1127,159650,python_function,<built-in function len>,159650,0.08,471,472,6940680977537.09,X
1128,159650,python_function,torch/utils/_pytree.py(665): _get_node_type,159650,1.033,468,473,6940680977538.195,X
1129,159650,python_function,torch/utils/_pytree.py(654): _is_namedtuple_instance,159650,0.581,473,474,6940680977538.475,X
1130,159650,python_function,<built-in function len>,159650,0.065,474,475,6940680977538.79,X
1131,159650,python_function,torch/utils/_pytree.py(411): _tuple_flatten,159650,0.493,468,476,6940680977539.758,X
1132,159650,python_function,torch/utils/_pytree.py(890): tree_iter,159650,3.558,468,477,6940680977545.609,X
1133,159650,python_function,torch/utils/_pytree.py(672): _is_leaf,159650,2.911,477,478,6940680977546.012,X
1134,159650,python_function,torch/utils/_pytree.py(665): _get_node_type,159650,2.354,478,479,6940680977546.333,X
1135,159650,python_function,torch/utils/_pytree.py(654): _is_namedtuple_instance,159650,1.906,479,480,6940680977546.605,X
1136,159650,python_function,<built-in function len>,159650,0.058,480,481,6940680977548.013,X
1137,159650,python_function,torch/_ops.py(995): <lambda>,159650,2.767,458,482,6940680977550.21,X
1138,159650,python_function,<built-in function isinstance>,159650,0.672,482,483,6940680977552.174,X
1139,159650,python_function,torch/utils/_pytree.py(904): tree_iter,159650,23.994,458,484,6940680977553.635,X
1140,159650,python_function,torch/utils/_pytree.py(904): tree_iter,159650,12.926,484,485,6940680977554.101,X
1141,159650,python_function,torch/utils/_pytree.py(896): tree_iter,159650,0.18,485,486,6940680977554.498,X
1142,159650,python_function,torch/utils/_pytree.py(890): tree_iter,159650,8.867,484,487,6940680977568.299,X
1143,159650,python_function,torch/utils/_pytree.py(672): _is_leaf,159650,2.086,487,488,6940680977568.695,X
1144,159650,python_function,torch/utils/_pytree.py(665): _get_node_type,159650,1.423,488,489,6940680977569.146,X
1145,159650,python_function,torch/utils/_pytree.py(654): _is_namedtuple_instance,159650,0.862,489,490,6940680977569.465,X
1146,159650,python_function,<built-in function len>,159650,0.121,490,491,6940680977569.937,X
1147,159650,python_function,torch/utils/_pytree.py(665): _get_node_type,159650,1.128,487,492,6940680977571.144,X
1148,159650,python_function,torch/utils/_pytree.py(654): _is_namedtuple_instance,159650,0.668,492,493,6940680977571.43,X
1149,159650,python_function,<built-in function len>,159650,0.054,493,494,6940680977571.777,X
1150,159650,python_function,torch/utils/_pytree.py(439): _dict_flatten,159650,3.683,487,495,6940680977573.04,X
1151,159650,python_function,<built-in method values of dict object at 0x7f24f68e0480>,159650,0.214,495,496,6940680977573.792,X
1152,159650,python_function,<built-in method keys of dict object at 0x7f24f68e0480>,159650,0.17,495,497,6940680977575.568,X
1153,159650,python_function,<built-in method  of PyCapsule object at 0x7f26842580c0>,159650,18.586,455,498,6940680977580.415,X
1154,159650,python_function,<built-in method __exit__ of torch._C.DisableTorchFunctionSubclass object at 0x7f24f6cf5170>,159650,0.355,453,499,6940680977600.273,X
1155,159650,python_function,torch/profiler/profiler.py(766): step,159650,7208.217,57,500,6940680977676.199,X
1156,159650,python_function,torch/autograd/profiler.py(738): __exit__,159650,40.883,500,501,6940680977686.067,X
1157,159650,python_function,torch/_jit_internal.py(103): is_scripting,159650,0.117,501,502,6940680977687.196,X
1158,159650,python_function,torch/_ops.py(939): __call__,159650,35.598,501,503,6940680977690.267,X
1159,159650,python_function,torch/_ops.py(993): _must_dispatch_in_python,159650,28.801,503,504,6940680977690.804,X
1160,159650,python_function,torch/utils/_pytree.py(1197): tree_any,159650,27.56,504,505,6940680977691.655,X
1161,159650,python_function,<built-in function any>,159650,26.488,505,506,6940680977692.561,X
1162,159650,python_function,torch/utils/_pytree.py(890): tree_iter,159650,13.793,506,507,6940680977692.936,X
1163,159650,python_function,torch/utils/_pytree.py(672): _is_leaf,159650,1.991,507,508,6940680977693.436,X
1164,159650,python_function,torch/utils/_pytree.py(665): _get_node_type,159650,1.348,508,509,6940680977693.856,X
1165,159650,python_function,torch/utils/_pytree.py(654): _is_namedtuple_instance,159650,0.831,509,510,6940680977694.153,X
1166,159650,python_function,<built-in function len>,159650,0.068,510,511,6940680977694.617,X
1167,159650,python_function,torch/utils/_pytree.py(665): _get_node_type,159650,1.231,507,512,6940680977695.796,X
1168,159650,python_function,torch/utils/_pytree.py(654): _is_namedtuple_instance,159650,0.606,512,513,6940680977696.176,X
1169,159650,python_function,<built-in function len>,159650,0.057,513,514,6940680977696.485,X
1170,159650,python_function,torch/utils/_pytree.py(411): _tuple_flatten,159650,0.486,507,515,6940680977697.582,X
1171,159650,python_function,torch/utils/_pytree.py(890): tree_iter,159650,7.619,507,516,6940680977698.964,X
1172,159650,python_function,torch/utils/_pytree.py(672): _is_leaf,159650,1.711,516,517,6940680977699.372,X
1173,159650,python_function,torch/utils/_pytree.py(665): _get_node_type,159650,1.176,517,518,6940680977699.719,X
1174,159650,python_function,torch/utils/_pytree.py(654): _is_namedtuple_instance,159650,0.713,518,519,6940680977700.015,X
1175,159650,python_function,<built-in function len>,159650,0.159,519,520,6940680977700.319,X
1176,159650,python_function,torch/utils/_pytree.py(665): _get_node_type,159650,1.071,516,521,6940680977701.399,X
1177,159650,python_function,torch/utils/_pytree.py(654): _is_namedtuple_instance,159650,0.598,521,522,6940680977701.694,X
1178,159650,python_function,<built-in function len>,159650,0.055,522,523,6940680977702.01,X
1179,159650,python_function,torch/utils/_pytree.py(411): _tuple_flatten,159650,0.417,516,524,6940680977702.94,X
1180,159650,python_function,torch/utils/_pytree.py(890): tree_iter,159650,2.269,516,525,6940680977704.062,X
1181,159650,python_function,torch/utils/_pytree.py(672): _is_leaf,159650,1.797,525,526,6940680977704.378,X
1182,159650,python_function,torch/utils/_pytree.py(665): _get_node_type,159650,1.246,526,527,6940680977704.728,X
1183,159650,python_function,torch/utils/_pytree.py(654): _is_namedtuple_instance,159650,0.788,527,528,6940680977704.998,X
1184,159650,python_function,<built-in function len>,159650,0.086,528,529,6940680977705.456,X
1185,159650,python_function,torch/_ops.py(995): <lambda>,159650,1.035,506,530,6940680977707.141,X
1186,159650,python_function,<built-in function isinstance>,159650,0.157,530,531,6940680977707.923,X
1187,159650,python_function,torch/utils/_pytree.py(904): tree_iter,159650,10.136,506,532,6940680977708.612,X
1188,159650,python_function,torch/utils/_pytree.py(904): tree_iter,159650,0.858,532,533,6940680977709.089,X
1189,159650,python_function,torch/utils/_pytree.py(896): tree_iter,159650,0.195,533,534,6940680977709.429,X
1190,159650,python_function,torch/utils/_pytree.py(890): tree_iter,159650,7.64,532,535,6940680977710.699,X
1191,159650,python_function,torch/utils/_pytree.py(672): _is_leaf,159650,2.529,535,536,6940680977711.077,X
1192,159650,python_function,torch/utils/_pytree.py(665): _get_node_type,159650,1.121,536,537,6940680977712.203,X
1193,159650,python_function,torch/utils/_pytree.py(654): _is_namedtuple_instance,159650,0.616,537,538,6940680977712.491,X
1194,159650,python_function,<built-in function len>,159650,0.063,538,539,6940680977712.817,X
1195,159650,python_function,torch/utils/_pytree.py(665): _get_node_type,159650,1.006,535,540,6940680977713.986,X
1196,159650,python_function,torch/utils/_pytree.py(654): _is_namedtuple_instance,159650,0.569,540,541,6940680977714.255,X
1197,159650,python_function,<built-in function len>,159650,0.059,541,542,6940680977714.571,X
1198,159650,python_function,torch/utils/_pytree.py(439): _dict_flatten,159650,2.373,535,543,6940680977715.572,X
1199,159650,python_function,<built-in method values of dict object at 0x7f24f68e0480>,159650,0.114,543,544,6940680977716.182,X
1200,159650,python_function,<built-in method keys of dict object at 0x7f24f68e0480>,159650,0.087,543,545,6940680977717.36,X
1201,159650,python_function,<built-in method  of PyCapsule object at 0x7f26842580c0>,159650,5.553,503,546,6940680977720.203,X
1202,159650,python_function,<built-in method __exit__ of torch._C.DisableTorchFunctionSubclass object at 0x7f24f6cf5170>,159650,0.146,500,547,6940680977726.616,X
1203,159650,python_function,torch/profiler/profiler.py(420): schedule_fn,159650,5.135,500,548,6940680977730.212,X
1204,159650,python_function,torch/profiler/profiler.py(789): _transit_action,159650,7147.613,500,549,6940680977736.803,X
1205,159650,python_function,<built-in method get of dict object at 0x7f24f6cdde80>,159650,7.492,549,550,6940680977737.7,X
1206,159650,python_function,enum.py(783): __hash__,159650,4.424,550,551,6940680977738.676,X
1207,159650,python_function,<built-in function hash>,159650,0.456,551,552,6940680977742.526,X
1208,159650,python_function,enum.py(783): __hash__,159650,0.733,550,553,6940680977743.703,X
1209,159650,python_function,<built-in function hash>,159650,0.142,553,554,6940680977744.209,X
1210,159650,python_function,torch/profiler/profiler.py(208): stop_trace,159650,7137.694,549,555,6940680977746.722,X
1211,159650,python_function,torch/autograd/profiler.py(344): __exit__,159650,7135.606,555,556,6940680977748.81,X
1212,159650,python_function,<built-in function hasattr>,159650,0.503,556,557,6940680977750.939,X
1213,159650,python_function,<built-in function getattr>,159650,0.212,556,558,6940680977752.111,X
1214,159650,python_function,<built-in function hasattr>,159650,0.671,556,559,6940680977753.126,X
1215,159650,python_function,torch/cuda/__init__.py(944): synchronize,159650,7128.53,556,560,6940680977755.886,X
1216,159650,python_function,torch/cuda/__init__.py(289): _lazy_init,159650,6.581,560,561,6940680977757.457,X
1217,159650,python_function,torch/cuda/__init__.py(242): is_initialized,159650,4.305,561,562,6940680977759.41,X
1218,159650,python_function,<built-in function _cuda_isInBadFork>,159650,0.93,562,563,6940680977762.554,X
1219,159650,python_function,torch/cuda/__init__.py(439): __init__,159650,81.15,560,564,6940680977766.834,X
1220,159650,python_function,torch/cuda/_utils.py(9): _get_device_index,159650,77.754,564,565,6940680977768.637,X
1221,159650,python_function,<built-in function isinstance>,159650,0.302,565,566,6940680977769.864,X
1222,159650,python_function,<built-in function isinstance>,159650,0.093,565,567,6940680977770.899,X
1223,159650,python_function,<built-in function isinstance>,159650,0.205,565,568,6940680977771.769,X
1224,159650,python_function,torch/_jit_internal.py(103): is_scripting,159650,0.145,565,569,6940680977772.85,X
1225,159650,python_function,<built-in function isinstance>,159650,0.084,565,570,6940680977773.759,X
1226,159650,python_function,torch/_utils.py(773): _get_device_index,159650,70.664,565,571,6940680977775.41,X
1227,159650,python_function,<built-in function isinstance>,159650,0.108,571,572,6940680977776.661,X
1228,159650,python_function,<built-in function isinstance>,159650,0.104,571,573,6940680977777.578,X
1229,159650,python_function,<built-in function isinstance>,159650,0.098,571,574,6940680977778.2,X
1230,159650,python_function,torch/_jit_internal.py(103): is_scripting,159650,0.702,571,575,6940680977779.205,X
1231,159650,python_function,torch/_utils.py(747): _get_current_device_index,159650,64.644,571,576,6940680977781.097,X
1232,159650,python_function,torch/_utils.py(733): _get_device_attr,159650,61.831,576,577,6940680977783.597,X
1233,159650,python_function,torch/_utils.py(718): _get_available_device_type,159650,42.941,577,578,6940680977784.96,X
1234,159650,python_function,torch/cuda/__init__.py(116): is_available,159650,41.065,578,579,6940680977786.501,X
1235,159650,python_function,torch/cuda/__init__.py(107): _is_compiled,159650,1.19,579,580,6940680977787.696,X
1236,159650,python_function,<built-in function hasattr>,159650,0.405,580,581,6940680977788.409,X
1237,159650,python_function,torch/cuda/__init__.py(112): _nvml_based_avail,159650,33.668,579,582,6940680977790.408,X
1238,159650,python_function,os.py(772): getenv,159650,30.959,582,583,6940680977792.44,X
1239,159650,python_function,_collections_abc.py(821): get,159650,28.984,583,584,6940680977794.1,X
1240,159650,python_function,os.py(675): __getitem__,159650,25.804,584,585,6940680977795.556,X
1241,159650,python_function,os.py(755): encode,159650,7.254,585,586,6940680977809.773,X
1242,159650,python_function,<built-in function isinstance>,159650,0.097,586,587,6940680977810.828,X
1243,159650,python_function,<built-in method encode of str object at 0x7f26741a4850>,159650,0.519,586,588,6940680977816.292,X
1244,159650,python_function,<built-in function _cuda_getDeviceCount>,159650,0.809,579,589,6940680977826.562,X
1245,159650,python_function,<built-in method lower of str object at 0x7f268767da70>,159650,0.657,577,590,6940680977830.917,X
1246,159650,python_function,torch/_utils.py(749): <lambda>,159650,12.259,577,591,6940680977832.872,X
1247,159650,python_function,torch/cuda/__init__.py(938): current_device,159650,10.621,591,592,6940680977834.296,X
1248,159650,python_function,torch/cuda/__init__.py(289): _lazy_init,159650,1.487,592,593,6940680977835.216,X
1249,159650,python_function,torch/cuda/__init__.py(242): is_initialized,159650,0.893,593,594,6940680977835.622,X
1250,159650,python_function,<built-in function _cuda_isInBadFork>,159650,0.271,594,595,6940680977836.115,X
1251,159650,python_function,<built-in function _cuda_getDevice>,159650,5.627,592,596,6940680977839.197,X
1252,159650,python_function,torch/cuda/__init__.py(443): __enter__,159650,4.682,560,597,6940680977849.607,X
1253,159650,python_function,<built-in function _cuda_exchangeDevice>,159650,2.323,597,598,6940680977851.615,X
1254,159650,python_function,<built-in function _cuda_synchronize>,159650,7009.556,560,599,6940680977856.692,X
1255,159650,python_function,torch/cuda/__init__.py(446): __exit__,159650,16.956,560,600,6940680984867.46,X
1256,159650,python_function,<built-in function _cuda_maybeExchangeDevice>,159650,1.671,600,601,6940680984869.789,X
1257,159650,python_function,<built-in function perf_counter_ns>,159650,0.685,600,602,6940680984873.827,X
1258,159650,python_function,<built-in method _disable_profiler of PyCapsule object at 0x7f2505a79050>,159650,7.111,600,603,6940680984877.305,X
