ph,shared memory,grid,correlation,block,blocks per SM,stream,name,context,queued,cat,pid,est. achieved occupancy %,registers per thread,ts,External id,dur,device,tid,warps per SM
X,0,"[1, 1, 1]",11766,"[128, 1, 1]",0.011905,7,"void at::native::vectorized_elementwise_kernel<4, at::native::FillFunctor<float>, at::detail::Array<char*, 1> >(int, at::native::FillFunctor<float>, at::detail::Array<char*, 1>)",1,0,kernel,0,0,16,6783223196609.4,2054,1.504,0,7,0.047619
X,0,"[20, 1, 1]",11792,"[128, 1, 1]",0.238095,7,"void at::native::elementwise_kernel<128, 2, at::native::gpu_kernel_impl_nocast<at::native::direct_copy_kernel_cuda(at::TensorIteratorBase&)::{lambda()#3}::operator()() const::{lambda()#7}::operator()() const::{lambda(float)#1}>(at::TensorIteratorBase&, at::native::direct_copy_kernel_cuda(at::TensorIteratorBase&)::{lambda()#3}::operator()() const::{lambda()#7}::operator()() const::{lambda(float)#1} const&)::{lambda(int)#1}>(int, at::native::gpu_kernel_impl_nocast<at::native::direct_copy_kernel_cuda(at::TensorIteratorBase&)::{lambda()#3}::operator()() const::{lambda()#7}::operator()() const::{lambda(float)#1}>(at::TensorIteratorBase&, at::native::direct_copy_kernel_cuda(at::TensorIteratorBase&)::{lambda()#3}::operator()() const::{lambda()#7}::operator()() const::{lambda(float)#1} const&)::{lambda(int)#1})",1,0,kernel,0,2,16,6783223198885.534,2574,2.144,0,7,0.952381
X,25600,"[4, 1, 12]",11810,"[128, 1, 1]",0.571429,7,void cutlass::Kernel2<cutlass_80_simt_sgemm_128x32_8x5_nn_align1>(cutlass_80_simt_sgemm_128x32_8x5_nn_align1::Params),1,0,kernel,0,5,80,6783223198888.446,2570,7.84,0,7,2.285714
X,0,"[16, 1, 1]",11811,"[32, 16, 1]",0.190476,7,"void cublasLt::splitKreduce_kernel<32, 16, int, float, float, float, float, true, false, false>(cublasLt::cublasSplitKParams<float>, float const*, float const*, float*, float const*, float const*, float const*, float const*, float*, void*, long, float*, int*)",1,0,kernel,0,6,44,6783223198897.086,2570,1.952,0,7,3.047619
X,0,"[20, 1, 1]",11829,"[128, 1, 1]",0.238095,7,"void at::native::elementwise_kernel<128, 2, at::native::gpu_kernel_impl_nocast<at::native::direct_copy_kernel_cuda(at::TensorIteratorBase&)::{lambda()#3}::operator()() const::{lambda()#7}::operator()() const::{lambda(float)#1}>(at::TensorIteratorBase&, at::native::direct_copy_kernel_cuda(at::TensorIteratorBase&)::{lambda()#3}::operator()() const::{lambda()#7}::operator()() const::{lambda(float)#1} const&)::{lambda(int)#1}>(int, at::native::gpu_kernel_impl_nocast<at::native::direct_copy_kernel_cuda(at::TensorIteratorBase&)::{lambda()#3}::operator()() const::{lambda()#7}::operator()() const::{lambda(float)#1}>(at::TensorIteratorBase&, at::native::direct_copy_kernel_cuda(at::TensorIteratorBase&)::{lambda()#3}::operator()() const::{lambda()#7}::operator()() const::{lambda(float)#1} const&)::{lambda(int)#1})",1,0,kernel,0,2,16,6783223198899.806,2582,1.728,0,7,0.952381
X,16384,"[16, 8, 1]",11842,"[256, 1, 1]",1.52381,7,ampere_sgemm_32x128_nn,1,0,kernel,0,25,57,6783223198902.27,2578,4.608,0,7,12.190476
X,16,"[2, 1, 1]",11855,"[128, 4, 1]",0.02381,7,"void at::native::reduce_kernel<512, 1, at::native::ReduceOp<float, at::native::func_wrapper_t<float, at::native::sum_functor<float, float, float>::operator()(at::TensorIterator&)::{lambda(float, float)#1}>, unsigned int, float, 4> >(at::native::ReduceOp<float, at::native::func_wrapper_t<float, at::native::sum_functor<float, float, float>::operator()(at::TensorIterator&)::{lambda(float, float)#1}>, unsigned int, float, 4>)",1,0,kernel,0,1,32,6783223198907.71,2586,3.584,0,7,0.380952
X,0,"[490, 1, 1]",11885,"[128, 1, 1]",5.833333,7,"void at::native::elementwise_kernel<128, 2, at::native::gpu_kernel_impl_nocast<at::native::BUnaryFunctor<float, float, float, at::native::binary_internal::MulFunctor<float> > >(at::TensorIteratorBase&, at::native::BUnaryFunctor<float, float, float, at::native::binary_internal::MulFunctor<float> > const&)::{lambda(int)#1}>(int, at::native::gpu_kernel_impl_nocast<at::native::BUnaryFunctor<float, float, float, at::native::binary_internal::MulFunctor<float> > >(at::TensorIteratorBase&, at::native::BUnaryFunctor<float, float, float, at::native::binary_internal::MulFunctor<float> > const&)::{lambda(int)#1})",1,0,kernel,0,49,16,6783223198912.03,2610,2.336,0,7,23.333334
X,0,"[245, 1, 1]",11899,"[128, 1, 1]",2.916667,7,"void at::native::vectorized_elementwise_kernel<4, at::native::BinaryFunctor<float, float, float, at::native::(anonymous namespace)::threshold_kernel_impl<float>(at::TensorIteratorBase&, float, float)::{lambda(float, float)#1}>, at::detail::Array<char*, 3> >(int, at::native::BinaryFunctor<float, float, float, at::native::(anonymous namespace)::threshold_kernel_impl<float>(at::TensorIteratorBase&, float, float)::{lambda(float, float)#1}>, at::detail::Array<char*, 3>)",1,0,kernel,0,24,22,6783223198915.198,2613,3.456,0,7,11.666667
X,4368,"[512, 1, 1]",11947,"[512, 1, 1]",6.095238,7,"void cudnn::bn_bw_1C11_singleread<float, 512, true, 1, 2, 0>(cudnn::bn_bw_1C11_args<float>)",1,0,kernel,0,67,45,6783223201272.1,2618,11.328,0,7,97.523811
X,4224,"[1, 16, 512]",11978,"[256, 1, 1]",97.523811,7,"void cudnn::engines_precompiled::nchwToNhwcKernel<float, float, float, false, true, (cudnnKernelDataType_t)2>(cudnn::engines_precompiled::nchw2nhwc_params_t<float>, float const*, float*)",1,0,kernel,0,100,38,6783223201284.196,2634,33.824,0,7,780.190491
X,4224,"[2, 16, 5]",11980,"[256, 1, 1]",1.904762,7,"void cudnn::engines_precompiled::nchwToNhwcKernel<float, float, float, false, true, (cudnnKernelDataType_t)2>(cudnn::engines_precompiled::nchw2nhwc_params_t<float>, float const*, float*)",1,0,kernel,0,32,38,6783223201319.268,2634,4.256,0,7,15.238095
X,65536,"[4, 2, 8]",11986,"[128, 1, 1]",0.761905,7,sm80_xmma_dgrad_implicit_gemm_tf32f32_tf32f32_f32_nhwckrsc_nhwc_tilesize128x128x16_stage4_warpsize2x2x1_g1_tensor16x8x8_execute_kernel__5x_cudnn,1,0,kernel,0,0,250,6783223201326.436,2634,44.576,0,7,3.047619
X,4224,"[2, 16, 5]",11989,"[256, 1, 1]",1.904762,7,"void cudnn::engines_precompiled::nhwcToNchwKernel<float, float, float, true, false, (cudnnKernelDataType_t)0>(cudnn::engines_precompiled::nhwc2nchw_params_t<float>, float const*, float*)",1,0,kernel,0,32,40,6783223201371.844,2634,2.848,0,7,15.238095
X,4224,"[2, 16, 5]",12009,"[256, 1, 1]",1.904762,7,"void cudnn::engines_precompiled::nchwToNhwcKernel<float, float, float, false, true, (cudnnKernelDataType_t)2>(cudnn::engines_precompiled::nchw2nhwc_params_t<float>, float const*, float*)",1,0,kernel,0,32,38,6783223201375.46,2634,4.032,0,7,15.238095
X,4224,"[2, 16, 5]",12011,"[256, 1, 1]",1.904762,7,"void cudnn::engines_precompiled::nchwToNhwcKernel<float, float, float, false, true, (cudnnKernelDataType_t)2>(cudnn::engines_precompiled::nchw2nhwc_params_t<float>, float const*, float*)",1,0,kernel,0,32,38,6783223201380.26,2634,3.84,0,7,15.238095
X,49152,"[36, 4, 1]",12014,"[128, 1, 1]",1.714286,7,sm86_xmma_wgrad_implicit_gemm_indexed_tf32f32_tf32f32_f32_nhwckrsc_nhwc_tilesize128x128x16_stage3_warpsize2x2x1_g1_tensor16x8x8_execute_kernel__5x_cudnn,1,0,kernel,0,14,230,6783223201384.932,2634,38.304,0,7,6.857143
X,4224,"[1, 16, 512]",12017,"[256, 1, 1]",97.523811,7,"void cudnn::engines_precompiled::nhwcToNchwKernel<float, float, float, true, false, (cudnnKernelDataType_t)0>(cudnn::engines_precompiled::nhwc2nchw_params_t<float>, float const*, float*)",1,0,kernel,0,100,40,6783223201423.94,2634,34.432,0,7,780.190491
X,0,"[245, 1, 1]",12037,"[128, 1, 1]",2.916667,7,"void at::native::vectorized_elementwise_kernel<4, at::native::BinaryFunctor<float, float, float, at::native::(anonymous namespace)::threshold_kernel_impl<float>(at::TensorIteratorBase&, float, float)::{lambda(float, float)#1}>, at::detail::Array<char*, 3> >(int, at::native::BinaryFunctor<float, float, float, at::native::(anonymous namespace)::threshold_kernel_impl<float>(at::TensorIteratorBase&, float, float)::{lambda(float, float)#1}>, at::detail::Array<char*, 3>)",1,0,kernel,0,24,22,6783223201459.172,2643,4.64,0,7,11.666667
X,4368,"[512, 1, 1]",12081,"[512, 1, 1]",6.095238,7,"void cudnn::bn_bw_1C11_singleread<float, 512, true, 1, 2, 0>(cudnn::bn_bw_1C11_args<float>)",1,0,kernel,0,67,45,6783223201464.58,2646,11.361,0,7,97.523811
X,4224,"[1, 16, 512]",12112,"[256, 1, 1]",97.523811,7,"void cudnn::engines_precompiled::nchwToNhwcKernel<float, float, float, false, true, (cudnnKernelDataType_t)2>(cudnn::engines_precompiled::nchw2nhwc_params_t<float>, float const*, float*)",1,0,kernel,0,100,38,6783223201476.74,2662,33.248,0,7,780.190491
X,4224,"[2, 16, 5]",12114,"[256, 1, 1]",1.904762,7,"void cudnn::engines_precompiled::nchwToNhwcKernel<float, float, float, false, true, (cudnnKernelDataType_t)2>(cudnn::engines_precompiled::nchw2nhwc_params_t<float>, float const*, float*)",1,0,kernel,0,32,38,6783223201510.757,2662,4.351,0,7,15.238095
X,65536,"[4, 2, 8]",12120,"[128, 1, 1]",0.761905,7,sm80_xmma_dgrad_implicit_gemm_tf32f32_tf32f32_f32_nhwckrsc_nhwc_tilesize128x128x16_stage4_warpsize2x2x1_g1_tensor16x8x8_execute_kernel__5x_cudnn,1,0,kernel,0,0,250,6783223201517.668,2662,44.256,0,7,3.047619
X,4224,"[2, 16, 5]",12123,"[256, 1, 1]",1.904762,7,"void cudnn::engines_precompiled::nhwcToNchwKernel<float, float, float, true, false, (cudnnKernelDataType_t)0>(cudnn::engines_precompiled::nhwc2nchw_params_t<float>, float const*, float*)",1,0,kernel,0,32,40,6783223201562.725,2662,2.72,0,7,15.238095
X,4224,"[2, 16, 5]",12143,"[256, 1, 1]",1.904762,7,"void cudnn::engines_precompiled::nchwToNhwcKernel<float, float, float, false, true, (cudnnKernelDataType_t)2>(cudnn::engines_precompiled::nchw2nhwc_params_t<float>, float const*, float*)",1,0,kernel,0,32,38,6783223201566.245,2662,3.999,0,7,15.238095
X,4224,"[2, 16, 5]",12145,"[256, 1, 1]",1.904762,7,"void cudnn::engines_precompiled::nchwToNhwcKernel<float, float, float, false, true, (cudnnKernelDataType_t)2>(cudnn::engines_precompiled::nchw2nhwc_params_t<float>, float const*, float*)",1,0,kernel,0,32,38,6783223201570.981,2662,3.872,0,7,15.238095
X,49152,"[36, 4, 1]",12148,"[128, 1, 1]",1.714286,7,sm86_xmma_wgrad_implicit_gemm_indexed_tf32f32_tf32f32_f32_nhwckrsc_nhwc_tilesize128x128x16_stage3_warpsize2x2x1_g1_tensor16x8x8_execute_kernel__5x_cudnn,1,0,kernel,0,14,230,6783223201575.556,2662,38.561,0,7,6.857143
X,4224,"[1, 16, 512]",12151,"[256, 1, 1]",97.523811,7,"void cudnn::engines_precompiled::nhwcToNchwKernel<float, float, float, true, false, (cudnnKernelDataType_t)0>(cudnn::engines_precompiled::nhwc2nchw_params_t<float>, float const*, float*)",1,0,kernel,0,100,40,6783223201614.853,2662,34.624,0,7,780.190491
X,0,"[245, 1, 1]",12160,"[128, 1, 1]",2.916667,7,"void at::native::vectorized_elementwise_kernel<4, at::native::CUDAFunctor_add<float>, at::detail::Array<char*, 3> >(int, at::native::CUDAFunctor_add<float>, at::detail::Array<char*, 3>)",1,0,kernel,0,24,22,6783223201650.245,2665,4.352,0,7,11.666667
X,0,"[245, 1, 1]",12180,"[128, 1, 1]",2.916667,7,"void at::native::vectorized_elementwise_kernel<4, at::native::BinaryFunctor<float, float, float, at::native::(anonymous namespace)::threshold_kernel_impl<float>(at::TensorIteratorBase&, float, float)::{lambda(float, float)#1}>, at::detail::Array<char*, 3> >(int, at::native::BinaryFunctor<float, float, float, at::native::(anonymous namespace)::threshold_kernel_impl<float>(at::TensorIteratorBase&, float, float)::{lambda(float, float)#1}>, at::detail::Array<char*, 3>)",1,0,kernel,0,24,22,6783223204052.491,2672,4.16,0,7,11.666667
X,4368,"[512, 1, 1]",12228,"[512, 1, 1]",6.095238,7,"void cudnn::bn_bw_1C11_singleread<float, 512, true, 1, 2, 0>(cudnn::bn_bw_1C11_args<float>)",1,0,kernel,0,67,45,6783223204057.483,2677,11.488,0,7,97.523811
X,4224,"[1, 8, 512]",12259,"[256, 1, 1]",48.761906,7,"void cudnn::engines_precompiled::nchwToNhwcKernel<float, float, float, false, true, (cudnnKernelDataType_t)2>(cudnn::engines_precompiled::nchw2nhwc_params_t<float>, float const*, float*)",1,0,kernel,0,100,38,6783223204069.707,2693,12.256,0,7,390.095245
X,4224,"[2, 16, 5]",12261,"[256, 1, 1]",1.904762,7,"void cudnn::engines_precompiled::nchwToNhwcKernel<float, float, float, false, true, (cudnnKernelDataType_t)2>(cudnn::engines_precompiled::nchw2nhwc_params_t<float>, float const*, float*)",1,0,kernel,0,32,38,6783223204082.699,2693,2.176,0,7,15.238095
X,81920,"[16, 4, 1]",12265,"[128, 1, 1]",0.761905,7,void cutlass__5x_cudnn::Kernel<cutlass_tensorop_s1688dgrad_optimized_tf32_64x64_32x5_nhwc_align4>(cutlass_tensorop_s1688dgrad_optimized_tf32_64x64_32x5_nhwc_align4::Params),1,0,kernel,0,0,128,6783223204085.643,2693,12.64,0,7,3.047619
X,4224,"[7, 8, 5]",12269,"[256, 1, 1]",3.333333,7,"void cudnn::engines_precompiled::nhwcToNchwKernel<float, float, float, true, false, (cudnnKernelDataType_t)0>(cudnn::engines_precompiled::nhwc2nchw_params_t<float>, float const*, float*)",1,0,kernel,0,56,40,6783223204099.019,2693,2.88,0,7,26.666666
X,4224,"[7, 8, 5]",12289,"[256, 1, 1]",3.333333,7,"void cudnn::engines_precompiled::nchwToNhwcKernel<float, float, float, false, true, (cudnnKernelDataType_t)2>(cudnn::engines_precompiled::nchw2nhwc_params_t<float>, float const*, float*)",1,0,kernel,0,56,38,6783223204102.635,2693,4.192,0,7,26.666666
X,4224,"[2, 16, 5]",12291,"[256, 1, 1]",1.904762,7,"void cudnn::engines_precompiled::nchwToNhwcKernel<float, float, float, false, true, (cudnnKernelDataType_t)2>(cudnn::engines_precompiled::nchw2nhwc_params_t<float>, float const*, float*)",1,0,kernel,0,32,38,6783223204107.659,2693,2.176,0,7,15.238095
X,73728,"[16, 1, 2]",12296,"[128, 1, 1]",0.380952,7,void cutlass__5x_cudnn::Kernel<cutlass_tensorop_s1688wgrad_optimized_tf32_64x128_32x3_nhwc_align4>(cutlass_tensorop_s1688wgrad_optimized_tf32_64x128_32x3_nhwc_align4::Params),1,0,kernel,0,0,166,6783223204112.779,2693,12.544,0,7,1.52381
X,4368,"[512, 1, 1]",12348,"[512, 1, 1]",6.095238,7,"void cudnn::bn_bw_1C11_singleread<float, 512, true, 1, 2, 0>(cudnn::bn_bw_1C11_args<float>)",1,0,kernel,0,67,45,6783223204126.187,2702,10.912,0,7,97.523811
X,4224,"[1, 16, 512]",12379,"[256, 1, 1]",97.523811,7,"void cudnn::engines_precompiled::nchwToNhwcKernel<float, float, float, false, true, (cudnnKernelDataType_t)2>(cudnn::engines_precompiled::nchw2nhwc_params_t<float>, float const*, float*)",1,0,kernel,0,100,38,6783223204137.931,2718,33.248,0,7,780.190491
X,4224,"[2, 16, 5]",12381,"[256, 1, 1]",1.904762,7,"void cudnn::engines_precompiled::nchwToNhwcKernel<float, float, float, false, true, (cudnnKernelDataType_t)2>(cudnn::engines_precompiled::nchw2nhwc_params_t<float>, float const*, float*)",1,0,kernel,0,32,38,6783223204172.011,2718,4.448,0,7,15.238095
X,65536,"[4, 2, 8]",12387,"[128, 1, 1]",0.761905,7,sm80_xmma_dgrad_implicit_gemm_tf32f32_tf32f32_f32_nhwckrsc_nhwc_tilesize128x128x16_stage4_warpsize2x2x1_g1_tensor16x8x8_execute_kernel__5x_cudnn,1,0,kernel,0,0,250,6783223204179.403,2718,44.832,0,7,3.047619
X,4224,"[2, 16, 5]",12390,"[256, 1, 1]",1.904762,7,"void cudnn::engines_precompiled::nhwcToNchwKernel<float, float, float, true, false, (cudnnKernelDataType_t)0>(cudnn::engines_precompiled::nhwc2nchw_params_t<float>, float const*, float*)",1,0,kernel,0,32,40,6783223204225.035,2718,2.688,0,7,15.238095
X,4224,"[2, 16, 5]",12410,"[256, 1, 1]",1.904762,7,"void cudnn::engines_precompiled::nchwToNhwcKernel<float, float, float, false, true, (cudnnKernelDataType_t)2>(cudnn::engines_precompiled::nchw2nhwc_params_t<float>, float const*, float*)",1,0,kernel,0,32,38,6783223204228.523,2718,3.808,0,7,15.238095
X,4224,"[2, 16, 5]",12412,"[256, 1, 1]",1.904762,7,"void cudnn::engines_precompiled::nchwToNhwcKernel<float, float, float, false, true, (cudnnKernelDataType_t)2>(cudnn::engines_precompiled::nchw2nhwc_params_t<float>, float const*, float*)",1,0,kernel,0,32,38,6783223204233.1,2718,3.295,0,7,15.238095
X,49152,"[36, 4, 1]",12415,"[128, 1, 1]",1.714286,7,sm86_xmma_wgrad_implicit_gemm_indexed_tf32f32_tf32f32_f32_nhwckrsc_nhwc_tilesize128x128x16_stage3_warpsize2x2x1_g1_tensor16x8x8_execute_kernel__5x_cudnn,1,0,kernel,0,14,230,6783223204237.099,2718,38.113,0,7,6.857143
X,4224,"[1, 16, 512]",12418,"[256, 1, 1]",97.523811,7,"void cudnn::engines_precompiled::nhwcToNchwKernel<float, float, float, true, false, (cudnnKernelDataType_t)0>(cudnn::engines_precompiled::nhwc2nchw_params_t<float>, float const*, float*)",1,0,kernel,0,100,40,6783223204276.012,2718,34.432,0,7,780.190491
X,0,"[245, 1, 1]",12438,"[128, 1, 1]",2.916667,7,"void at::native::vectorized_elementwise_kernel<4, at::native::BinaryFunctor<float, float, float, at::native::(anonymous namespace)::threshold_kernel_impl<float>(at::TensorIteratorBase&, float, float)::{lambda(float, float)#1}>, at::detail::Array<char*, 3> >(int, at::native::BinaryFunctor<float, float, float, at::native::(anonymous namespace)::threshold_kernel_impl<float>(at::TensorIteratorBase&, float, float)::{lambda(float, float)#1}>, at::detail::Array<char*, 3>)",1,0,kernel,0,24,22,6783223204311.244,2727,4.48,0,7,11.666667
X,4368,"[512, 1, 1]",12482,"[512, 1, 1]",6.095238,7,"void cudnn::bn_bw_1C11_singleread<float, 512, true, 1, 2, 0>(cudnn::bn_bw_1C11_args<float>)",1,0,kernel,0,67,45,6783223204316.556,2730,11.039,0,7,97.523811
X,4224,"[1, 8, 512]",12513,"[256, 1, 1]",48.761906,7,"void cudnn::engines_precompiled::nchwToNhwcKernel<float, float, float, false, true, (cudnnKernelDataType_t)2>(cudnn::engines_precompiled::nchw2nhwc_params_t<float>, float const*, float*)",1,0,kernel,0,100,38,6783223204328.428,2746,17.728,0,7,390.095245
X,4224,"[2, 16, 5]",12515,"[256, 1, 1]",1.904762,7,"void cudnn::engines_precompiled::nchwToNhwcKernel<float, float, float, false, true, (cudnnKernelDataType_t)2>(cudnn::engines_precompiled::nchw2nhwc_params_t<float>, float const*, float*)",1,0,kernel,0,32,38,6783223204346.988,2746,4.288,0,7,15.238095
X,81920,"[16, 4, 1]",12519,"[128, 1, 1]",0.761905,7,void cutlass__5x_cudnn::Kernel<cutlass_tensorop_s1688dgrad_optimized_tf32_64x64_32x5_nhwc_align4>(cutlass_tensorop_s1688dgrad_optimized_tf32_64x64_32x5_nhwc_align4::Params),1,0,kernel,0,0,128,6783223204352.076,2746,29.984,0,7,3.047619
X,4224,"[7, 8, 5]",12523,"[256, 1, 1]",3.333333,7,"void cudnn::engines_precompiled::nhwcToNchwKernel<float, float, float, true, false, (cudnnKernelDataType_t)0>(cudnn::engines_precompiled::nhwc2nchw_params_t<float>, float const*, float*)",1,0,kernel,0,56,40,6783223204382.86,2746,2.88,0,7,26.666666
X,4224,"[7, 8, 5]",12543,"[256, 1, 1]",3.333333,7,"void cudnn::engines_precompiled::nchwToNhwcKernel<float, float, float, false, true, (cudnnKernelDataType_t)2>(cudnn::engines_precompiled::nchw2nhwc_params_t<float>, float const*, float*)",1,0,kernel,0,56,38,6783223204386.476,2746,4.704,0,7,26.666666
X,4224,"[2, 16, 5]",12545,"[256, 1, 1]",1.904762,7,"void cudnn::engines_precompiled::nchwToNhwcKernel<float, float, float, false, true, (cudnnKernelDataType_t)2>(cudnn::engines_precompiled::nchw2nhwc_params_t<float>, float const*, float*)",1,0,kernel,0,32,38,6783223204391.98,2746,4.0,0,7,15.238095
X,81920,"[8, 9, 1]",12549,"[128, 1, 1]",0.857143,7,void cutlass__5x_cudnn::Kernel<cutlass_tensorop_s1688wgrad_optimized_tf32_256x64_16x4_nhwc_align4>(cutlass_tensorop_s1688wgrad_optimized_tf32_256x64_16x4_nhwc_align4::Params),1,0,kernel,0,0,234,6783223204396.748,2746,23.424,0,7,3.428571
X,4224,"[1, 8, 512]",12553,"[256, 1, 1]",48.761906,7,"void cudnn::engines_precompiled::nhwcToNchwKernel<float, float, float, true, false, (cudnnKernelDataType_t)0>(cudnn::engines_precompiled::nhwc2nchw_params_t<float>, float const*, float*)",1,0,kernel,0,100,40,6783223204421.036,2746,15.456,0,7,390.095245
X,0,"[490, 1, 1]",12562,"[128, 1, 1]",5.833333,7,"void at::native::vectorized_elementwise_kernel<4, at::native::CUDAFunctor_add<float>, at::detail::Array<char*, 3> >(int, at::native::CUDAFunctor_add<float>, at::detail::Array<char*, 3>)",1,0,kernel,0,49,22,6783223206783.41,2749,6.528,0,7,23.333334
X,0,"[490, 1, 1]",12582,"[128, 1, 1]",5.833333,7,"void at::native::vectorized_elementwise_kernel<4, at::native::BinaryFunctor<float, float, float, at::native::(anonymous namespace)::threshold_kernel_impl<float>(at::TensorIteratorBase&, float, float)::{lambda(float, float)#1}>, at::detail::Array<char*, 3> >(int, at::native::BinaryFunctor<float, float, float, at::native::(anonymous namespace)::threshold_kernel_impl<float>(at::TensorIteratorBase&, float, float)::{lambda(float, float)#1}>, at::detail::Array<char*, 3>)",1,0,kernel,0,49,22,6783223206790.77,2756,5.088,0,7,23.333334
X,8464,"[256, 1, 1]",12630,"[512, 1, 1]",3.047619,7,"void cudnn::bn_bw_1C11_singleread<float, 512, true, 1, 2, 0>(cudnn::bn_bw_1C11_args<float>)",1,0,kernel,0,67,45,6783223206796.562,2761,8.8,0,7,48.761906
X,4224,"[1, 8, 256]",12661,"[256, 1, 1]",24.380953,7,"void cudnn::engines_precompiled::nchwToNhwcKernel<float, float, float, false, true, (cudnnKernelDataType_t)2>(cudnn::engines_precompiled::nchw2nhwc_params_t<float>, float const*, float*)",1,0,kernel,0,100,38,6783223206806.162,2777,9.6,0,7,195.047623
X,4224,"[7, 8, 5]",12663,"[256, 1, 1]",3.333333,7,"void cudnn::engines_precompiled::nchwToNhwcKernel<float, float, float, false, true, (cudnnKernelDataType_t)2>(cudnn::engines_precompiled::nchw2nhwc_params_t<float>, float const*, float*)",1,0,kernel,0,56,38,6783223206816.466,2777,3.456,0,7,26.666666
X,81920,"[16, 4, 1]",12667,"[128, 1, 1]",0.761905,7,void cutlass__5x_cudnn::Kernel<cutlass_tensorop_s1688dgrad_optimized_tf32_64x64_32x5_nhwc_align4>(cutlass_tensorop_s1688dgrad_optimized_tf32_64x64_32x5_nhwc_align4::Params),1,0,kernel,0,0,128,6783223206820.658,2777,33.312,0,7,3.047619
X,4224,"[7, 8, 5]",12671,"[256, 1, 1]",3.333333,7,"void cudnn::engines_precompiled::nhwcToNchwKernel<float, float, float, true, false, (cudnnKernelDataType_t)0>(cudnn::engines_precompiled::nhwc2nchw_params_t<float>, float const*, float*)",1,0,kernel,0,56,40,6783223206854.738,2777,2.816,0,7,26.666666
X,4224,"[7, 8, 5]",12691,"[256, 1, 1]",3.333333,7,"void cudnn::engines_precompiled::nchwToNhwcKernel<float, float, float, false, true, (cudnnKernelDataType_t)2>(cudnn::engines_precompiled::nchw2nhwc_params_t<float>, float const*, float*)",1,0,kernel,0,56,38,6783223206858.29,2777,4.224,0,7,26.666666
X,4224,"[7, 8, 5]",12693,"[256, 1, 1]",3.333333,7,"void cudnn::engines_precompiled::nchwToNhwcKernel<float, float, float, false, true, (cudnnKernelDataType_t)2>(cudnn::engines_precompiled::nchw2nhwc_params_t<float>, float const*, float*)",1,0,kernel,0,56,38,6783223206863.346,2777,4.48,0,7,26.666666
X,73728,"[16, 5, 1]",12697,"[128, 1, 1]",0.952381,7,void cutlass__5x_cudnn::Kernel<cutlass_tensorop_s1688wgrad_optimized_tf32_64x128_32x3_nhwc_align4>(cutlass_tensorop_s1688wgrad_optimized_tf32_64x128_32x3_nhwc_align4::Params),1,0,kernel,0,0,166,6783223206868.658,2777,37.632,0,7,3.809524
X,4224,"[1, 8, 256]",12701,"[256, 1, 1]",24.380953,7,"void cudnn::engines_precompiled::nhwcToNchwKernel<float, float, float, true, false, (cudnnKernelDataType_t)0>(cudnn::engines_precompiled::nhwc2nchw_params_t<float>, float const*, float*)",1,0,kernel,0,100,40,6783223206907.058,2777,7.072,0,7,195.047623
X,0,"[490, 1, 1]",12721,"[128, 1, 1]",5.833333,7,"void at::native::vectorized_elementwise_kernel<4, at::native::BinaryFunctor<float, float, float, at::native::(anonymous namespace)::threshold_kernel_impl<float>(at::TensorIteratorBase&, float, float)::{lambda(float, float)#1}>, at::detail::Array<char*, 3> >(int, at::native::BinaryFunctor<float, float, float, at::native::(anonymous namespace)::threshold_kernel_impl<float>(at::TensorIteratorBase&, float, float)::{lambda(float, float)#1}>, at::detail::Array<char*, 3>)",1,0,kernel,0,49,22,6783223206914.898,2786,6.752,0,7,23.333334
X,8464,"[256, 1, 1]",12765,"[512, 1, 1]",3.047619,7,"void cudnn::bn_bw_1C11_singleread<float, 512, true, 1, 2, 0>(cudnn::bn_bw_1C11_args<float>)",1,0,kernel,0,67,45,6783223206922.482,2789,9.12,0,7,48.761906
X,4224,"[1, 8, 256]",12796,"[256, 1, 1]",24.380953,7,"void cudnn::engines_precompiled::nchwToNhwcKernel<float, float, float, false, true, (cudnnKernelDataType_t)2>(cudnn::engines_precompiled::nchw2nhwc_params_t<float>, float const*, float*)",1,0,kernel,0,100,38,6783223206932.434,2805,9.632,0,7,195.047623
X,4224,"[7, 8, 5]",12798,"[256, 1, 1]",3.333333,7,"void cudnn::engines_precompiled::nchwToNhwcKernel<float, float, float, false, true, (cudnnKernelDataType_t)2>(cudnn::engines_precompiled::nchw2nhwc_params_t<float>, float const*, float*)",1,0,kernel,0,56,38,6783223206942.77,2805,3.424,0,7,26.666666
X,81920,"[16, 4, 1]",12802,"[128, 1, 1]",0.761905,7,void cutlass__5x_cudnn::Kernel<cutlass_tensorop_s1688dgrad_optimized_tf32_64x64_32x5_nhwc_align4>(cutlass_tensorop_s1688dgrad_optimized_tf32_64x64_32x5_nhwc_align4::Params),1,0,kernel,0,0,128,6783223206946.962,2805,32.8,0,7,3.047619
X,4224,"[7, 8, 5]",12806,"[256, 1, 1]",3.333333,7,"void cudnn::engines_precompiled::nhwcToNchwKernel<float, float, float, true, false, (cudnnKernelDataType_t)0>(cudnn::engines_precompiled::nhwc2nchw_params_t<float>, float const*, float*)",1,0,kernel,0,56,40,6783223206980.498,2805,2.752,0,7,26.666666
X,4224,"[7, 8, 5]",12826,"[256, 1, 1]",3.333333,7,"void cudnn::engines_precompiled::nchwToNhwcKernel<float, float, float, false, true, (cudnnKernelDataType_t)2>(cudnn::engines_precompiled::nchw2nhwc_params_t<float>, float const*, float*)",1,0,kernel,0,56,38,6783223206984.051,2805,5.087,0,7,26.666666
X,4224,"[7, 8, 5]",12828,"[256, 1, 1]",3.333333,7,"void cudnn::engines_precompiled::nchwToNhwcKernel<float, float, float, false, true, (cudnnKernelDataType_t)2>(cudnn::engines_precompiled::nchw2nhwc_params_t<float>, float const*, float*)",1,0,kernel,0,56,38,6783223206990.002,2805,5.312,0,7,26.666666
X,73728,"[16, 5, 1]",12832,"[128, 1, 1]",0.952381,7,void cutlass__5x_cudnn::Kernel<cutlass_tensorop_s1688wgrad_optimized_tf32_64x128_32x3_nhwc_align4>(cutlass_tensorop_s1688wgrad_optimized_tf32_64x128_32x3_nhwc_align4::Params),1,0,kernel,0,0,166,6783223206996.178,2805,37.857,0,7,3.809524
X,4224,"[1, 8, 256]",12836,"[256, 1, 1]",24.380953,7,"void cudnn::engines_precompiled::nhwcToNchwKernel<float, float, float, true, false, (cudnnKernelDataType_t)0>(cudnn::engines_precompiled::nhwc2nchw_params_t<float>, float const*, float*)",1,0,kernel,0,100,40,6783223207034.77,2805,6.913,0,7,195.047623
X,0,"[490, 1, 1]",12845,"[128, 1, 1]",5.833333,7,"void at::native::vectorized_elementwise_kernel<4, at::native::CUDAFunctor_add<float>, at::detail::Array<char*, 3> >(int, at::native::CUDAFunctor_add<float>, at::detail::Array<char*, 3>)",1,0,kernel,0,49,22,6783223207042.547,2808,6.656,0,7,23.333334
X,0,"[490, 1, 1]",12865,"[128, 1, 1]",5.833333,7,"void at::native::vectorized_elementwise_kernel<4, at::native::BinaryFunctor<float, float, float, at::native::(anonymous namespace)::threshold_kernel_impl<float>(at::TensorIteratorBase&, float, float)::{lambda(float, float)#1}>, at::detail::Array<char*, 3> >(int, at::native::BinaryFunctor<float, float, float, at::native::(anonymous namespace)::threshold_kernel_impl<float>(at::TensorIteratorBase&, float, float)::{lambda(float, float)#1}>, at::detail::Array<char*, 3>)",1,0,kernel,0,49,22,6783223207049.938,2815,4.833,0,7,23.333334
X,8464,"[256, 1, 1]",12913,"[512, 1, 1]",3.047619,7,"void cudnn::bn_bw_1C11_singleread<float, 512, true, 1, 2, 0>(cudnn::bn_bw_1C11_args<float>)",1,0,kernel,0,67,45,6783223209408.441,2820,10.815,0,7,48.761906
X,4224,"[1, 4, 256]",12944,"[256, 1, 1]",12.190476,7,"void cudnn::engines_precompiled::nchwToNhwcKernel<float, float, float, false, true, (cudnnKernelDataType_t)2>(cudnn::engines_precompiled::nchw2nhwc_params_t<float>, float const*, float*)",1,0,kernel,0,100,38,6783223209420.12,2836,5.12,0,7,97.523811
X,4224,"[7, 8, 5]",12946,"[256, 1, 1]",3.333333,7,"void cudnn::engines_precompiled::nchwToNhwcKernel<float, float, float, false, true, (cudnnKernelDataType_t)2>(cudnn::engines_precompiled::nchw2nhwc_params_t<float>, float const*, float*)",1,0,kernel,0,56,38,6783223209426.009,2836,2.592,0,7,26.666666
X,81920,"[64, 2, 1]",12950,"[128, 1, 1]",1.52381,7,void cutlass__5x_cudnn::Kernel<cutlass_tensorop_s1688dgrad_optimized_tf32_64x64_32x5_nhwc_align4>(cutlass_tensorop_s1688dgrad_optimized_tf32_64x64_32x5_nhwc_align4::Params),1,0,kernel,0,0,128,6783223209429.337,2836,10.08,0,7,6.095238
X,4224,"[25, 4, 5]",12954,"[256, 1, 1]",5.952381,7,"void cudnn::engines_precompiled::nhwcToNchwKernel<float, float, float, true, false, (cudnnKernelDataType_t)0>(cudnn::engines_precompiled::nhwc2nchw_params_t<float>, float const*, float*)",1,0,kernel,0,99,40,6783223209440.121,2836,3.744,0,7,47.619049
X,10496,"[2, 1, 5]",12975,"[8, 32, 1]",0.119048,7,"void wgrad_alg0_engine<float, 128, 6, 8, 3, 3, 5, false, 512>(int, int, int, float const*, int, float*, float const*, kernel_grad_params, unsigned long long, int, float, int, int, int, int)",1,0,kernel,0,2,123,6783223209446.808,2836,40.993,0,7,0.952381
X,8464,"[256, 1, 1]",13025,"[512, 1, 1]",3.047619,7,"void cudnn::bn_bw_1C11_singleread<float, 512, true, 1, 2, 0>(cudnn::bn_bw_1C11_args<float>)",1,0,kernel,0,67,45,6783223209488.665,2845,10.368,0,7,48.761906
X,4224,"[1, 8, 256]",13056,"[256, 1, 1]",24.380953,7,"void cudnn::engines_precompiled::nchwToNhwcKernel<float, float, float, false, true, (cudnnKernelDataType_t)2>(cudnn::engines_precompiled::nchw2nhwc_params_t<float>, float const*, float*)",1,0,kernel,0,100,38,6783223209499.769,2861,9.632,0,7,195.047623
X,4224,"[7, 8, 5]",13058,"[256, 1, 1]",3.333333,7,"void cudnn::engines_precompiled::nchwToNhwcKernel<float, float, float, false, true, (cudnnKernelDataType_t)2>(cudnn::engines_precompiled::nchw2nhwc_params_t<float>, float const*, float*)",1,0,kernel,0,56,38,6783223209510.201,2861,3.584,0,7,26.666666
X,81920,"[16, 4, 1]",13062,"[128, 1, 1]",0.761905,7,void cutlass__5x_cudnn::Kernel<cutlass_tensorop_s1688dgrad_optimized_tf32_64x64_32x5_nhwc_align4>(cutlass_tensorop_s1688dgrad_optimized_tf32_64x64_32x5_nhwc_align4::Params),1,0,kernel,0,0,128,6783223209514.553,2861,32.576,0,7,3.047619
X,4224,"[7, 8, 5]",13066,"[256, 1, 1]",3.333333,7,"void cudnn::engines_precompiled::nhwcToNchwKernel<float, float, float, true, false, (cudnnKernelDataType_t)0>(cudnn::engines_precompiled::nhwc2nchw_params_t<float>, float const*, float*)",1,0,kernel,0,56,40,6783223209547.929,2861,2.848,0,7,26.666666
X,4224,"[7, 8, 5]",13086,"[256, 1, 1]",3.333333,7,"void cudnn::engines_precompiled::nchwToNhwcKernel<float, float, float, false, true, (cudnnKernelDataType_t)2>(cudnn::engines_precompiled::nchw2nhwc_params_t<float>, float const*, float*)",1,0,kernel,0,56,38,6783223209551.545,2861,4.928,0,7,26.666666
X,4224,"[7, 8, 5]",13088,"[256, 1, 1]",3.333333,7,"void cudnn::engines_precompiled::nchwToNhwcKernel<float, float, float, false, true, (cudnnKernelDataType_t)2>(cudnn::engines_precompiled::nchw2nhwc_params_t<float>, float const*, float*)",1,0,kernel,0,56,38,6783223209557.241,2861,4.8,0,7,26.666666
X,73728,"[16, 5, 1]",13092,"[128, 1, 1]",0.952381,7,void cutlass__5x_cudnn::Kernel<cutlass_tensorop_s1688wgrad_optimized_tf32_64x128_32x3_nhwc_align4>(cutlass_tensorop_s1688wgrad_optimized_tf32_64x128_32x3_nhwc_align4::Params),1,0,kernel,0,0,166,6783223209562.905,2861,37.728,0,7,3.809524
X,4224,"[1, 8, 256]",13096,"[256, 1, 1]",24.380953,7,"void cudnn::engines_precompiled::nhwcToNchwKernel<float, float, float, true, false, (cudnnKernelDataType_t)0>(cudnn::engines_precompiled::nhwc2nchw_params_t<float>, float const*, float*)",1,0,kernel,0,100,40,6783223209601.497,2861,6.912,0,7,195.047623
X,0,"[490, 1, 1]",13116,"[128, 1, 1]",5.833333,7,"void at::native::vectorized_elementwise_kernel<4, at::native::BinaryFunctor<float, float, float, at::native::(anonymous namespace)::threshold_kernel_impl<float>(at::TensorIteratorBase&, float, float)::{lambda(float, float)#1}>, at::detail::Array<char*, 3> >(int, at::native::BinaryFunctor<float, float, float, at::native::(anonymous namespace)::threshold_kernel_impl<float>(at::TensorIteratorBase&, float, float)::{lambda(float, float)#1}>, at::detail::Array<char*, 3>)",1,0,kernel,0,49,22,6783223209609.241,2870,6.624,0,7,23.333334
X,8464,"[256, 1, 1]",13160,"[512, 1, 1]",3.047619,7,"void cudnn::bn_bw_1C11_singleread<float, 512, true, 1, 2, 0>(cudnn::bn_bw_1C11_args<float>)",1,0,kernel,0,67,45,6783223209616.601,2873,8.896,0,7,48.761906
X,4224,"[1, 4, 256]",13191,"[256, 1, 1]",12.190476,7,"void cudnn::engines_precompiled::nchwToNhwcKernel<float, float, float, false, true, (cudnnKernelDataType_t)2>(cudnn::engines_precompiled::nchw2nhwc_params_t<float>, float const*, float*)",1,0,kernel,0,100,38,6783223209626.329,2889,5.856,0,7,97.523811
X,4224,"[7, 8, 5]",13193,"[256, 1, 1]",3.333333,7,"void cudnn::engines_precompiled::nchwToNhwcKernel<float, float, float, false, true, (cudnnKernelDataType_t)2>(cudnn::engines_precompiled::nchw2nhwc_params_t<float>, float const*, float*)",1,0,kernel,0,56,38,6783223209633.017,2889,2.56,0,7,26.666666
X,81920,"[64, 2, 1]",13197,"[128, 1, 1]",1.52381,7,void cutlass__5x_cudnn::Kernel<cutlass_tensorop_s1688dgrad_optimized_tf32_64x64_32x5_nhwc_align4>(cutlass_tensorop_s1688dgrad_optimized_tf32_64x64_32x5_nhwc_align4::Params),1,0,kernel,0,0,128,6783223209636.377,2889,23.04,0,7,6.095238
X,4224,"[25, 4, 5]",13201,"[256, 1, 1]",5.952381,7,"void cudnn::engines_precompiled::nhwcToNchwKernel<float, float, float, true, false, (cudnnKernelDataType_t)0>(cudnn::engines_precompiled::nhwc2nchw_params_t<float>, float const*, float*)",1,0,kernel,0,99,40,6783223209660.217,2889,3.104,0,7,47.619049
X,4224,"[25, 4, 5]",13221,"[256, 1, 1]",5.952381,7,"void cudnn::engines_precompiled::nchwToNhwcKernel<float, float, float, false, true, (cudnnKernelDataType_t)2>(cudnn::engines_precompiled::nchw2nhwc_params_t<float>, float const*, float*)",1,0,kernel,0,99,38,6783223209664.121,2889,8.064,0,7,47.619049
X,4224,"[7, 8, 5]",13223,"[256, 1, 1]",3.333333,7,"void cudnn::engines_precompiled::nchwToNhwcKernel<float, float, float, false, true, (cudnnKernelDataType_t)2>(cudnn::engines_precompiled::nchw2nhwc_params_t<float>, float const*, float*)",1,0,kernel,0,56,38,6783223209672.889,2889,5.184,0,7,26.666666
X,81920,"[16, 5, 1]",13227,"[128, 1, 1]",0.952381,7,_ZN17cutlass__5x_cudnn6KernelINS_4conv6kernel23ImplicitGemmConvolutionINS1_11threadblock22ImplicitGemmMultistageINS_4gemm9GemmShapeILi64ELi64ELi32EEENS4_52Conv2dWgradOutputGradientTileAccessIteratorOptimizedINS_11MatrixShapeILi64ELi32EEENS_10tfloat32_tENS_9transform29PitchLinearWarpRakedThreadMapINS_16PitchLinearShapeILi64ELi32EEELi128ENSF_ILi8ELi4EEELi4EEENS_12AlignedArrayISC_Li4ELi16EEEEENSD_11threadblock25RegularTileAccessIteratorISB_SC_NS_6layout40ColumnMajorTensorOpMultiplicandCongruousILi32ELi32EEELi1ESI_Li16EEELNS_4arch14CacheOperation4KindE0ENS4_48Conv2dWgradActivationTileAccessIteratorOptimizedINSA_ILi32ELi64EEESC_SI_SK_EENSN_ISW_SC_NSO_37RowMajorTensorOpMultiplicandCongruousILi32ELi32EEELi0ESI_Li16EEELSU_0ENS6_11threadblock9MmaPolicyINS6_4warp11MmaTensorOpINS7_ILi32ELi32ELi32EEESC_SQ_SC_SZ_fNSO_8RowMajorENS13_17MmaTensorOpPolicyINSS_3MmaINS7_ILi16ELi8ELi8EEELi32ESC_S16_SC_NSO_11ColumnMajorEfS16_NSS_13OpMultiplyAddEEENSA_ILi1ELi1EEEEELi1ELb0EbEENSA_ILi0ELi0EEES1G_Li1EEELi5EbEENS_8epilogue11threadblock8EpilogueIS8_S1F_Li1ENS1K_22PredicatedTileIteratorINS1K_26OutputTileOptimalThreadMapINS1K_15OutputTileShapeILi64ELi8ELi2ELi1ELi1EEENS1O_ILi1ELi4ELi1ELi1ELi4EEELi128ELi4ELi32EEEfLb0ENSO_9NoPermuteELb0EEENS1J_4warp24FragmentIteratorTensorOpIS15_S19_fNS_5ArrayIfLi4ELb1EEES16_EENS1U_20TileIteratorTensorOpIS15_S19_fS16_EENS1K_18SharedLoadIteratorINS1R_18CompactedThreadMapEfLi16EEENS1J_6thread17LinearCombinationIfLi4EffLNS24_9ScaleType4KindE0ELNS_15FloatRoundStyleE2EEENSA_ILi0ELi8EEELi2ELi1EEENS11_30GemmIdentityThreadblockSwizzleILi4EEELNS1_8OperatorE2ENS1_17Conv2dProblemSizeELNS1_9GroupModeE0EEEEEvNT_6ParamsE,1,0,kernel,0,0,96,6783223209678.841,2889,24.064,0,7,3.809524
X,0,"[64, 9, 1]",13230,"[32, 4, 1]",6.857143,7,"void cutlass__5x_cudnn::Kernel<cutlass__5x_cudnn::reduction::kernel::ReduceSplitK<cutlass__5x_cudnn::MatrixShape<4, 128>, cutlass__5x_cudnn::epilogue::thread::LinearCombination<float, 4, float, float, (cutlass__5x_cudnn::epilogue::thread::ScaleType::Kind)0, (cutlass__5x_cudnn::FloatRoundStyle)2>, cutlass__5x_cudnn::reduction::thread::ReduceAdd<float, float, 4>, 4> >(cutlass__5x_cudnn::reduction::kernel::ReduceSplitK<cutlass__5x_cudnn::MatrixShape<4, 128>, cutlass__5x_cudnn::epilogue::thread::LinearCombination<float, 4, float, float, (cutlass__5x_cudnn::epilogue::thread::ScaleType::Kind)0, (cutlass__5x_cudnn::FloatRoundStyle)2>, cutlass__5x_cudnn::reduction::thread::ReduceAdd<float, float, 4>, 4>::Params)",1,0,kernel,0,57,36,6783223209703.642,2889,2.239,0,7,27.428572
X,4224,"[1, 4, 256]",13234,"[256, 1, 1]",12.190476,7,"void cudnn::engines_precompiled::nhwcToNchwKernel<float, float, float, true, false, (cudnnKernelDataType_t)0>(cudnn::engines_precompiled::nhwc2nchw_params_t<float>, float const*, float*)",1,0,kernel,0,100,40,6783223209706.713,2889,4.385,0,7,97.523811
X,0,"[980, 1, 1]",13243,"[128, 1, 1]",11.666667,7,"void at::native::vectorized_elementwise_kernel<4, at::native::CUDAFunctor_add<float>, at::detail::Array<char*, 3> >(int, at::native::CUDAFunctor_add<float>, at::detail::Array<char*, 3>)",1,0,kernel,0,97,22,6783223212097.119,2892,11.649,0,7,46.666668
X,0,"[980, 1, 1]",13263,"[128, 1, 1]",11.666667,7,"void at::native::vectorized_elementwise_kernel<4, at::native::BinaryFunctor<float, float, float, at::native::(anonymous namespace)::threshold_kernel_impl<float>(at::TensorIteratorBase&, float, float)::{lambda(float, float)#1}>, at::detail::Array<char*, 3> >(int, at::native::BinaryFunctor<float, float, float, at::native::(anonymous namespace)::threshold_kernel_impl<float>(at::TensorIteratorBase&, float, float)::{lambda(float, float)#1}>, at::detail::Array<char*, 3>)",1,0,kernel,0,97,22,6783223212109.472,2899,8.064,0,7,46.666668
X,33040,"[128, 1, 1]",13311,"[512, 1, 1]",1.52381,7,"void cudnn::bn_bw_1C11_singleread<float, 512, true, 1, 2, 0>(cudnn::bn_bw_1C11_args<float>)",1,0,kernel,0,51,45,6783223212118.335,2904,9.473,0,7,24.380953
X,4224,"[1, 4, 128]",13342,"[256, 1, 1]",6.095238,7,"void cudnn::engines_precompiled::nchwToNhwcKernel<float, float, float, false, true, (cudnnKernelDataType_t)2>(cudnn::engines_precompiled::nchw2nhwc_params_t<float>, float const*, float*)",1,0,kernel,0,100,38,6783223212128.511,2920,4.161,0,7,48.761906
X,4224,"[25, 4, 5]",13344,"[256, 1, 1]",5.952381,7,"void cudnn::engines_precompiled::nchwToNhwcKernel<float, float, float, false, true, (cudnnKernelDataType_t)2>(cudnn::engines_precompiled::nchw2nhwc_params_t<float>, float const*, float*)",1,0,kernel,0,99,38,6783223212133.408,2920,3.328,0,7,47.619049
X,73728,"[62, 1, 1]",13348,"[128, 1, 1]",0.738095,7,void cutlass__5x_cudnn::Kernel<cutlass_tensorop_s1688dgrad_optimized_tf32_128x64_16x6_nhwc_unity_stride_align4>(cutlass_tensorop_s1688dgrad_optimized_tf32_128x64_16x6_nhwc_unity_stride_align4::Params),1,0,kernel,0,0,161,6783223212137.792,2920,27.456,0,7,2.952381
X,4224,"[25, 4, 5]",13352,"[256, 1, 1]",5.952381,7,"void cudnn::engines_precompiled::nhwcToNchwKernel<float, float, float, true, false, (cudnnKernelDataType_t)0>(cudnn::engines_precompiled::nhwc2nchw_params_t<float>, float const*, float*)",1,0,kernel,0,99,40,6783223212166.08,2920,3.136,0,7,47.619049
X,4224,"[25, 4, 5]",13372,"[256, 1, 1]",5.952381,7,"void cudnn::engines_precompiled::nchwToNhwcKernel<float, float, float, false, true, (cudnnKernelDataType_t)2>(cudnn::engines_precompiled::nchw2nhwc_params_t<float>, float const*, float*)",1,0,kernel,0,99,38,6783223212170.56,2920,8.32,0,7,47.619049
X,4224,"[25, 4, 5]",13374,"[256, 1, 1]",5.952381,7,"void cudnn::engines_precompiled::nchwToNhwcKernel<float, float, float, false, true, (cudnnKernelDataType_t)2>(cudnn::engines_precompiled::nchw2nhwc_params_t<float>, float const*, float*)",1,0,kernel,0,99,38,6783223212179.68,2920,8.192,0,7,47.619049
X,73728,"[4, 5, 4]",13379,"[128, 1, 1]",0.952381,7,_ZN17cutlass__5x_cudnn6KernelINS_4conv6kernel23ImplicitGemmConvolutionINS1_11threadblock22ImplicitGemmMultistageINS_4gemm9GemmShapeILi128ELi64ELi16EEENS4_52Conv2dWgradOutputGradientTileAccessIteratorOptimizedINS_11MatrixShapeILi128ELi16EEENS_10tfloat32_tENS_9transform29PitchLinearWarpRakedThreadMapINS_16PitchLinearShapeILi128ELi16EEELi128ENSF_ILi8ELi4EEELi4EEENS_12AlignedArrayISC_Li4ELi16EEEEENSD_11threadblock25RegularTileAccessIteratorISB_SC_NS_6layout40ColumnMajorTensorOpMultiplicandCongruousILi32ELi32EEELi1ESI_Li16EEELNS_4arch14CacheOperation4KindE0ENS4_48Conv2dWgradActivationTileAccessIteratorOptimizedINSA_ILi16ELi64EEESC_NSE_INSF_ILi64ELi16EEELi128ESH_Li4EEESK_EENSN_ISW_SC_NSO_37RowMajorTensorOpMultiplicandCongruousILi32ELi32EEELi0ESY_Li16EEELSU_0ENS6_11threadblock9MmaPolicyINS6_4warp11MmaTensorOpINS7_ILi64ELi32ELi16EEESC_SQ_SC_S11_fNSO_8RowMajorENS15_17MmaTensorOpPolicyINSS_3MmaINS7_ILi16ELi8ELi8EEELi32ESC_S18_SC_NSO_11ColumnMajorEfS18_NSS_13OpMultiplyAddEEENSA_ILi1ELi1EEEEELi1ELb0EbEENSA_ILi0ELi0EEES1I_Li1EEELi6EbEENS_8epilogue11threadblock8EpilogueIS8_S1H_Li1ENS1M_22PredicatedTileIteratorINS1M_26OutputTileOptimalThreadMapINS1M_15OutputTileShapeILi64ELi8ELi2ELi1ELi1EEENS1Q_ILi1ELi8ELi1ELi1ELi8EEELi128ELi4ELi32EEEfLb0ENSO_9NoPermuteELb0EEENS1L_4warp24FragmentIteratorTensorOpIS17_S1B_fNS_5ArrayIfLi4ELb1EEES18_EENS1W_20TileIteratorTensorOpIS17_S1B_fS18_EENS1M_18SharedLoadIteratorINS1T_18CompactedThreadMapEfLi16EEENS1L_6thread17LinearCombinationIfLi4EffLNS26_9ScaleType4KindE0ELNS_15FloatRoundStyleE2EEENSA_ILi0ELi8EEELi2ELi1EEENS13_30GemmIdentityThreadblockSwizzleILi4EEELNS1_8OperatorE2ENS1_17Conv2dProblemSizeELNS1_9GroupModeE0EEEEEvNT_6ParamsE,1,0,kernel,0,0,148,6783223212194.24,2920,33.888,0,7,3.809524
X,0,"[32, 9, 1]",13382,"[32, 4, 1]",3.428571,7,"void cutlass__5x_cudnn::Kernel<cutlass__5x_cudnn::reduction::kernel::ReduceSplitK<cutlass__5x_cudnn::MatrixShape<4, 128>, cutlass__5x_cudnn::epilogue::thread::LinearCombination<float, 4, float, float, (cutlass__5x_cudnn::epilogue::thread::ScaleType::Kind)0, (cutlass__5x_cudnn::FloatRoundStyle)2>, cutlass__5x_cudnn::reduction::thread::ReduceAdd<float, float, 4>, 4> >(cutlass__5x_cudnn::reduction::kernel::ReduceSplitK<cutlass__5x_cudnn::MatrixShape<4, 128>, cutlass__5x_cudnn::epilogue::thread::LinearCombination<float, 4, float, float, (cutlass__5x_cudnn::epilogue::thread::ScaleType::Kind)0, (cutlass__5x_cudnn::FloatRoundStyle)2>, cutlass__5x_cudnn::reduction::thread::ReduceAdd<float, float, 4>, 4>::Params)",1,0,kernel,0,29,36,6783223212228.992,2920,2.976,0,7,13.714286
X,4224,"[1, 4, 128]",13386,"[256, 1, 1]",6.095238,7,"void cudnn::engines_precompiled::nhwcToNchwKernel<float, float, float, true, false, (cudnnKernelDataType_t)0>(cudnn::engines_precompiled::nhwc2nchw_params_t<float>, float const*, float*)",1,0,kernel,0,100,40,6783223212232.8,2920,3.008,0,7,48.761906
X,0,"[980, 1, 1]",13406,"[128, 1, 1]",11.666667,7,"void at::native::vectorized_elementwise_kernel<4, at::native::BinaryFunctor<float, float, float, at::native::(anonymous namespace)::threshold_kernel_impl<float>(at::TensorIteratorBase&, float, float)::{lambda(float, float)#1}>, at::detail::Array<char*, 3> >(int, at::native::BinaryFunctor<float, float, float, at::native::(anonymous namespace)::threshold_kernel_impl<float>(at::TensorIteratorBase&, float, float)::{lambda(float, float)#1}>, at::detail::Array<char*, 3>)",1,0,kernel,0,97,22,6783223212236.608,2929,11.744,0,7,46.666668
X,33040,"[128, 1, 1]",13450,"[512, 1, 1]",1.52381,7,"void cudnn::bn_bw_1C11_singleread<float, 512, true, 1, 2, 0>(cudnn::bn_bw_1C11_args<float>)",1,0,kernel,0,51,45,6783223212249.184,2932,9.632,0,7,24.380953
X,4224,"[1, 4, 128]",13481,"[256, 1, 1]",6.095238,7,"void cudnn::engines_precompiled::nchwToNhwcKernel<float, float, float, false, true, (cudnnKernelDataType_t)2>(cudnn::engines_precompiled::nchw2nhwc_params_t<float>, float const*, float*)",1,0,kernel,0,100,38,6783223212259.68,2948,3.872,0,7,48.761906
X,4224,"[25, 4, 5]",13483,"[256, 1, 1]",5.952381,7,"void cudnn::engines_precompiled::nchwToNhwcKernel<float, float, float, false, true, (cudnnKernelDataType_t)2>(cudnn::engines_precompiled::nchw2nhwc_params_t<float>, float const*, float*)",1,0,kernel,0,99,38,6783223212264.352,2948,3.296,0,7,47.619049
X,73728,"[62, 1, 1]",13487,"[128, 1, 1]",0.738095,7,void cutlass__5x_cudnn::Kernel<cutlass_tensorop_s1688dgrad_optimized_tf32_128x64_16x6_nhwc_unity_stride_align4>(cutlass_tensorop_s1688dgrad_optimized_tf32_128x64_16x6_nhwc_unity_stride_align4::Params),1,0,kernel,0,0,161,6783223212268.448,2948,27.008,0,7,2.952381
X,4224,"[25, 4, 5]",13491,"[256, 1, 1]",5.952381,7,"void cudnn::engines_precompiled::nhwcToNchwKernel<float, float, float, true, false, (cudnnKernelDataType_t)0>(cudnn::engines_precompiled::nhwc2nchw_params_t<float>, float const*, float*)",1,0,kernel,0,99,40,6783223212296.224,2948,2.944,0,7,47.619049
X,4224,"[25, 4, 5]",13511,"[256, 1, 1]",5.952381,7,"void cudnn::engines_precompiled::nchwToNhwcKernel<float, float, float, false, true, (cudnnKernelDataType_t)2>(cudnn::engines_precompiled::nchw2nhwc_params_t<float>, float const*, float*)",1,0,kernel,0,99,38,6783223212299.936,2948,8.224,0,7,47.619049
X,4224,"[25, 4, 5]",13513,"[256, 1, 1]",5.952381,7,"void cudnn::engines_precompiled::nchwToNhwcKernel<float, float, float, false, true, (cudnnKernelDataType_t)2>(cudnn::engines_precompiled::nchw2nhwc_params_t<float>, float const*, float*)",1,0,kernel,0,99,38,6783223212308.96,2948,8.224,0,7,47.619049
X,73728,"[4, 5, 4]",13518,"[128, 1, 1]",0.952381,7,_ZN17cutlass__5x_cudnn6KernelINS_4conv6kernel23ImplicitGemmConvolutionINS1_11threadblock22ImplicitGemmMultistageINS_4gemm9GemmShapeILi128ELi64ELi16EEENS4_52Conv2dWgradOutputGradientTileAccessIteratorOptimizedINS_11MatrixShapeILi128ELi16EEENS_10tfloat32_tENS_9transform29PitchLinearWarpRakedThreadMapINS_16PitchLinearShapeILi128ELi16EEELi128ENSF_ILi8ELi4EEELi4EEENS_12AlignedArrayISC_Li4ELi16EEEEENSD_11threadblock25RegularTileAccessIteratorISB_SC_NS_6layout40ColumnMajorTensorOpMultiplicandCongruousILi32ELi32EEELi1ESI_Li16EEELNS_4arch14CacheOperation4KindE0ENS4_48Conv2dWgradActivationTileAccessIteratorOptimizedINSA_ILi16ELi64EEESC_NSE_INSF_ILi64ELi16EEELi128ESH_Li4EEESK_EENSN_ISW_SC_NSO_37RowMajorTensorOpMultiplicandCongruousILi32ELi32EEELi0ESY_Li16EEELSU_0ENS6_11threadblock9MmaPolicyINS6_4warp11MmaTensorOpINS7_ILi64ELi32ELi16EEESC_SQ_SC_S11_fNSO_8RowMajorENS15_17MmaTensorOpPolicyINSS_3MmaINS7_ILi16ELi8ELi8EEELi32ESC_S18_SC_NSO_11ColumnMajorEfS18_NSS_13OpMultiplyAddEEENSA_ILi1ELi1EEEEELi1ELb0EbEENSA_ILi0ELi0EEES1I_Li1EEELi6EbEENS_8epilogue11threadblock8EpilogueIS8_S1H_Li1ENS1M_22PredicatedTileIteratorINS1M_26OutputTileOptimalThreadMapINS1M_15OutputTileShapeILi64ELi8ELi2ELi1ELi1EEENS1Q_ILi1ELi8ELi1ELi1ELi8EEELi128ELi4ELi32EEEfLb0ENSO_9NoPermuteELb0EEENS1L_4warp24FragmentIteratorTensorOpIS17_S1B_fNS_5ArrayIfLi4ELb1EEES18_EENS1W_20TileIteratorTensorOpIS17_S1B_fS18_EENS1M_18SharedLoadIteratorINS1T_18CompactedThreadMapEfLi16EEENS1L_6thread17LinearCombinationIfLi4EffLNS26_9ScaleType4KindE0ELNS_15FloatRoundStyleE2EEENSA_ILi0ELi8EEELi2ELi1EEENS13_30GemmIdentityThreadblockSwizzleILi4EEELNS1_8OperatorE2ENS1_17Conv2dProblemSizeELNS1_9GroupModeE0EEEEEvNT_6ParamsE,1,0,kernel,0,0,148,6783223212323.36,2948,33.696,0,7,3.809524
X,0,"[32, 9, 1]",13521,"[32, 4, 1]",3.428571,7,"void cutlass__5x_cudnn::Kernel<cutlass__5x_cudnn::reduction::kernel::ReduceSplitK<cutlass__5x_cudnn::MatrixShape<4, 128>, cutlass__5x_cudnn::epilogue::thread::LinearCombination<float, 4, float, float, (cutlass__5x_cudnn::epilogue::thread::ScaleType::Kind)0, (cutlass__5x_cudnn::FloatRoundStyle)2>, cutlass__5x_cudnn::reduction::thread::ReduceAdd<float, float, 4>, 4> >(cutlass__5x_cudnn::reduction::kernel::ReduceSplitK<cutlass__5x_cudnn::MatrixShape<4, 128>, cutlass__5x_cudnn::epilogue::thread::LinearCombination<float, 4, float, float, (cutlass__5x_cudnn::epilogue::thread::ScaleType::Kind)0, (cutlass__5x_cudnn::FloatRoundStyle)2>, cutlass__5x_cudnn::reduction::thread::ReduceAdd<float, float, 4>, 4>::Params)",1,0,kernel,0,29,36,6783223212357.888,2948,2.88,0,7,13.714286
X,4224,"[1, 4, 128]",13525,"[256, 1, 1]",6.095238,7,"void cudnn::engines_precompiled::nhwcToNchwKernel<float, float, float, true, false, (cudnnKernelDataType_t)0>(cudnn::engines_precompiled::nhwc2nchw_params_t<float>, float const*, float*)",1,0,kernel,0,100,40,6783223212361.504,2948,3.104,0,7,48.761906
X,0,"[980, 1, 1]",13534,"[128, 1, 1]",11.666667,7,"void at::native::vectorized_elementwise_kernel<4, at::native::CUDAFunctor_add<float>, at::detail::Array<char*, 3> >(int, at::native::CUDAFunctor_add<float>, at::detail::Array<char*, 3>)",1,0,kernel,0,97,22,6783223212365.472,2951,11.584,0,7,46.666668
X,0,"[980, 1, 1]",13554,"[128, 1, 1]",11.666667,7,"void at::native::vectorized_elementwise_kernel<4, at::native::BinaryFunctor<float, float, float, at::native::(anonymous namespace)::threshold_kernel_impl<float>(at::TensorIteratorBase&, float, float)::{lambda(float, float)#1}>, at::detail::Array<char*, 3> >(int, at::native::BinaryFunctor<float, float, float, at::native::(anonymous namespace)::threshold_kernel_impl<float>(at::TensorIteratorBase&, float, float)::{lambda(float, float)#1}>, at::detail::Array<char*, 3>)",1,0,kernel,0,97,22,6783223212377.824,2958,7.296,0,7,46.666668
X,33040,"[128, 1, 1]",13602,"[512, 1, 1]",1.52381,7,"void cudnn::bn_bw_1C11_singleread<float, 512, true, 1, 2, 0>(cudnn::bn_bw_1C11_args<float>)",1,0,kernel,0,51,45,6783223212385.856,2963,9.152,0,7,24.380953
X,0,"[3920, 1, 1]",13633,"[256, 1, 1]",46.666668,7,"void cudnn::engines_precompiled::scalePackedTensor_kernel<float, float>(long, float*, float)",1,0,kernel,0,100,24,6783223212395.776,2979,6.88,0,7,373.333344
X,3328,"[1, 25, 5]",13635,"[8, 8, 1]",1.488095,7,"void cudnn::detail::dgrad_engine<float, 512, 6, 5, 3, 3, 3, false>(int, int, int, float const*, int, float const*, int, float*, kernel_grad_params, unsigned long long, int, unsigned long long, int, float, int, int, int)",1,0,kernel,0,6,96,6783223212403.424,2979,17.344,0,7,2.976191
X,4224,"[98, 2, 5]",13655,"[256, 1, 1]",11.666667,7,"void cudnn::engines_precompiled::nchwToNhwcKernel<float, float, float, false, true, (cudnnKernelDataType_t)2>(cudnn::engines_precompiled::nchw2nhwc_params_t<float>, float const*, float*)",1,0,kernel,0,100,38,6783223212421.472,2979,14.4,0,7,93.333336
X,4224,"[25, 4, 5]",13657,"[256, 1, 1]",5.952381,7,"void cudnn::engines_precompiled::nchwToNhwcKernel<float, float, float, false, true, (cudnnKernelDataType_t)2>(cudnn::engines_precompiled::nchw2nhwc_params_t<float>, float const*, float*)",1,0,kernel,0,99,38,6783223212436.576,2979,9.152,0,7,47.619049
X,2048,"[1, 8, 25]",13661,"[128, 1, 1]",2.380952,7,sm80_xmma_wgrad_implicit_gemm_indexed_wo_smem_tf32f32_tf32f32_f32_nhwckrsc_nhwc_tilesize16x64x64_stage1_warpsize1x4x1_g1_tensor16x8x8_aligna8_alignc8_execute_kernel__5x_cudnn,1,0,kernel,0,20,108,6783223212448.896,2979,14.528,0,7,9.523809
X,33040,"[128, 1, 1]",13712,"[512, 1, 1]",1.52381,7,"void cudnn::bn_bw_1C11_singleread<float, 512, true, 1, 2, 0>(cudnn::bn_bw_1C11_args<float>)",1,0,kernel,0,51,45,6783223212464.256,2988,12.448,0,7,24.380953
X,4224,"[1, 4, 128]",13743,"[256, 1, 1]",6.095238,7,"void cudnn::engines_precompiled::nchwToNhwcKernel<float, float, float, false, true, (cudnnKernelDataType_t)2>(cudnn::engines_precompiled::nchw2nhwc_params_t<float>, float const*, float*)",1,0,kernel,0,100,38,6783223212477.441,3004,4.127,0,7,48.761906
X,4224,"[25, 4, 5]",13745,"[256, 1, 1]",5.952381,7,"void cudnn::engines_precompiled::nchwToNhwcKernel<float, float, float, false, true, (cudnnKernelDataType_t)2>(cudnn::engines_precompiled::nchw2nhwc_params_t<float>, float const*, float*)",1,0,kernel,0,99,38,6783223212482.369,3004,3.168,0,7,47.619049
X,73728,"[62, 1, 1]",13749,"[128, 1, 1]",0.738095,7,void cutlass__5x_cudnn::Kernel<cutlass_tensorop_s1688dgrad_optimized_tf32_128x64_16x6_nhwc_unity_stride_align4>(cutlass_tensorop_s1688dgrad_optimized_tf32_128x64_16x6_nhwc_unity_stride_align4::Params),1,0,kernel,0,0,161,6783223212486.368,3004,27.264,0,7,2.952381
X,4224,"[25, 4, 5]",13753,"[256, 1, 1]",5.952381,7,"void cudnn::engines_precompiled::nhwcToNchwKernel<float, float, float, true, false, (cudnnKernelDataType_t)0>(cudnn::engines_precompiled::nhwc2nchw_params_t<float>, float const*, float*)",1,0,kernel,0,99,40,6783223212514.496,3004,3.04,0,7,47.619049
X,4224,"[25, 4, 5]",13773,"[256, 1, 1]",5.952381,7,"void cudnn::engines_precompiled::nchwToNhwcKernel<float, float, float, false, true, (cudnnKernelDataType_t)2>(cudnn::engines_precompiled::nchw2nhwc_params_t<float>, float const*, float*)",1,0,kernel,0,99,38,6783223212518.336,3004,8.8,0,7,47.619049
X,4224,"[25, 4, 5]",13775,"[256, 1, 1]",5.952381,7,"void cudnn::engines_precompiled::nchwToNhwcKernel<float, float, float, false, true, (cudnnKernelDataType_t)2>(cudnn::engines_precompiled::nchw2nhwc_params_t<float>, float const*, float*)",1,0,kernel,0,99,38,6783223212528.225,3004,8.544,0,7,47.619049
X,73728,"[4, 5, 4]",13780,"[128, 1, 1]",0.952381,7,_ZN17cutlass__5x_cudnn6KernelINS_4conv6kernel23ImplicitGemmConvolutionINS1_11threadblock22ImplicitGemmMultistageINS_4gemm9GemmShapeILi128ELi64ELi16EEENS4_52Conv2dWgradOutputGradientTileAccessIteratorOptimizedINS_11MatrixShapeILi128ELi16EEENS_10tfloat32_tENS_9transform29PitchLinearWarpRakedThreadMapINS_16PitchLinearShapeILi128ELi16EEELi128ENSF_ILi8ELi4EEELi4EEENS_12AlignedArrayISC_Li4ELi16EEEEENSD_11threadblock25RegularTileAccessIteratorISB_SC_NS_6layout40ColumnMajorTensorOpMultiplicandCongruousILi32ELi32EEELi1ESI_Li16EEELNS_4arch14CacheOperation4KindE0ENS4_48Conv2dWgradActivationTileAccessIteratorOptimizedINSA_ILi16ELi64EEESC_NSE_INSF_ILi64ELi16EEELi128ESH_Li4EEESK_EENSN_ISW_SC_NSO_37RowMajorTensorOpMultiplicandCongruousILi32ELi32EEELi0ESY_Li16EEELSU_0ENS6_11threadblock9MmaPolicyINS6_4warp11MmaTensorOpINS7_ILi64ELi32ELi16EEESC_SQ_SC_S11_fNSO_8RowMajorENS15_17MmaTensorOpPolicyINSS_3MmaINS7_ILi16ELi8ELi8EEELi32ESC_S18_SC_NSO_11ColumnMajorEfS18_NSS_13OpMultiplyAddEEENSA_ILi1ELi1EEEEELi1ELb0EbEENSA_ILi0ELi0EEES1I_Li1EEELi6EbEENS_8epilogue11threadblock8EpilogueIS8_S1H_Li1ENS1M_22PredicatedTileIteratorINS1M_26OutputTileOptimalThreadMapINS1M_15OutputTileShapeILi64ELi8ELi2ELi1ELi1EEENS1Q_ILi1ELi8ELi1ELi1ELi8EEELi128ELi4ELi32EEEfLb0ENSO_9NoPermuteELb0EEENS1L_4warp24FragmentIteratorTensorOpIS17_S1B_fNS_5ArrayIfLi4ELb1EEES18_EENS1W_20TileIteratorTensorOpIS17_S1B_fS18_EENS1M_18SharedLoadIteratorINS1T_18CompactedThreadMapEfLi16EEENS1L_6thread17LinearCombinationIfLi4EffLNS26_9ScaleType4KindE0ELNS_15FloatRoundStyleE2EEENSA_ILi0ELi8EEELi2ELi1EEENS13_30GemmIdentityThreadblockSwizzleILi4EEELNS1_8OperatorE2ENS1_17Conv2dProblemSizeELNS1_9GroupModeE0EEEEEvNT_6ParamsE,1,0,kernel,0,0,148,6783223212542.849,3004,33.984,0,7,3.809524
X,0,"[32, 9, 1]",13783,"[32, 4, 1]",3.428571,7,"void cutlass__5x_cudnn::Kernel<cutlass__5x_cudnn::reduction::kernel::ReduceSplitK<cutlass__5x_cudnn::MatrixShape<4, 128>, cutlass__5x_cudnn::epilogue::thread::LinearCombination<float, 4, float, float, (cutlass__5x_cudnn::epilogue::thread::ScaleType::Kind)0, (cutlass__5x_cudnn::FloatRoundStyle)2>, cutlass__5x_cudnn::reduction::thread::ReduceAdd<float, float, 4>, 4> >(cutlass__5x_cudnn::reduction::kernel::ReduceSplitK<cutlass__5x_cudnn::MatrixShape<4, 128>, cutlass__5x_cudnn::epilogue::thread::LinearCombination<float, 4, float, float, (cutlass__5x_cudnn::epilogue::thread::ScaleType::Kind)0, (cutlass__5x_cudnn::FloatRoundStyle)2>, cutlass__5x_cudnn::reduction::thread::ReduceAdd<float, float, 4>, 4>::Params)",1,0,kernel,0,29,36,6783223212577.537,3004,2.848,0,7,13.714286
X,4224,"[1, 4, 128]",13787,"[256, 1, 1]",6.095238,7,"void cudnn::engines_precompiled::nhwcToNchwKernel<float, float, float, true, false, (cudnnKernelDataType_t)0>(cudnn::engines_precompiled::nhwc2nchw_params_t<float>, float const*, float*)",1,0,kernel,0,100,40,6783223212581.185,3004,3.072,0,7,48.761906
X,0,"[980, 1, 1]",13807,"[128, 1, 1]",11.666667,7,"void at::native::vectorized_elementwise_kernel<4, at::native::BinaryFunctor<float, float, float, at::native::(anonymous namespace)::threshold_kernel_impl<float>(at::TensorIteratorBase&, float, float)::{lambda(float, float)#1}>, at::detail::Array<char*, 3> >(int, at::native::BinaryFunctor<float, float, float, at::native::(anonymous namespace)::threshold_kernel_impl<float>(at::TensorIteratorBase&, float, float)::{lambda(float, float)#1}>, at::detail::Array<char*, 3>)",1,0,kernel,0,97,22,6783223212585.025,3013,11.776,0,7,46.666668
X,33040,"[128, 1, 1]",13851,"[512, 1, 1]",1.52381,7,"void cudnn::bn_bw_1C11_singleread<float, 512, true, 1, 2, 0>(cudnn::bn_bw_1C11_args<float>)",1,0,kernel,0,51,45,6783223212597.601,3016,9.472,0,7,24.380953
X,4224,"[1, 2, 128]",13882,"[256, 1, 1]",3.047619,7,"void cudnn::engines_precompiled::nchwToNhwcKernel<float, float, float, false, true, (cudnnKernelDataType_t)2>(cudnn::engines_precompiled::nchw2nhwc_params_t<float>, float const*, float*)",1,0,kernel,0,51,38,6783223212607.809,3032,3.52,0,7,24.380953
X,4224,"[25, 4, 5]",13884,"[256, 1, 1]",5.952381,7,"void cudnn::engines_precompiled::nchwToNhwcKernel<float, float, float, false, true, (cudnnKernelDataType_t)2>(cudnn::engines_precompiled::nchw2nhwc_params_t<float>, float const*, float*)",1,0,kernel,0,99,38,6783223212612.161,3032,3.04,0,7,47.619049
X,73728,"[124, 1, 1]",13888,"[128, 1, 1]",1.47619,7,void cutlass__5x_cudnn::Kernel<cutlass_tensorop_s1688dgrad_optimized_tf32_128x64_16x6_nhwc_align4>(cutlass_tensorop_s1688dgrad_optimized_tf32_128x64_16x6_nhwc_align4::Params),1,0,kernel,0,0,180,6783223212616.865,3032,27.04,0,7,5.904762
X,4224,"[98, 2, 5]",13892,"[256, 1, 1]",11.666667,7,"void cudnn::engines_precompiled::nhwcToNchwKernel<float, float, float, true, false, (cudnnKernelDataType_t)0>(cudnn::engines_precompiled::nhwc2nchw_params_t<float>, float const*, float*)",1,0,kernel,0,100,40,6783223212644.801,3032,9.696,0,7,93.333336
X,4224,"[98, 2, 5]",13912,"[256, 1, 1]",11.666667,7,"void cudnn::engines_precompiled::nchwToNhwcKernel<float, float, float, false, true, (cudnnKernelDataType_t)2>(cudnn::engines_precompiled::nchw2nhwc_params_t<float>, float const*, float*)",1,0,kernel,0,100,38,6783223212655.201,3032,17.056,0,7,93.333336
X,4224,"[25, 4, 5]",13914,"[256, 1, 1]",5.952381,7,"void cudnn::engines_precompiled::nchwToNhwcKernel<float, float, float, false, true, (cudnnKernelDataType_t)2>(cudnn::engines_precompiled::nchw2nhwc_params_t<float>, float const*, float*)",1,0,kernel,0,99,38,6783223212672.993,3032,8.96,0,7,47.619049
X,98304,"[9, 2, 3]",13922,"[128, 1, 1]",0.642857,7,sm86_xmma_wgrad_implicit_gemm_indexed_tf32f32_tf32f32_f32_nhwckrsc_nhwc_tilesize64x64x64_stage3_warpsize2x2x1_g1_tensor16x8x8_execute_kernel__5x_cudnn,1,0,kernel,0,0,128,6783223212687.777,3032,32.384,0,7,2.571429
X,4224,"[1, 2, 128]",13925,"[256, 1, 1]",3.047619,7,"void cudnn::engines_precompiled::nhwcToNchwKernel<float, float, float, true, false, (cudnnKernelDataType_t)0>(cudnn::engines_precompiled::nhwc2nchw_params_t<float>, float const*, float*)",1,0,kernel,0,51,40,6783223212720.929,3032,2.88,0,7,24.380953
X,0,"[1960, 1, 1]",13934,"[128, 1, 1]",23.333334,7,"void at::native::vectorized_elementwise_kernel<4, at::native::CUDAFunctor_add<float>, at::detail::Array<char*, 3> >(int, at::native::CUDAFunctor_add<float>, at::detail::Array<char*, 3>)",1,0,kernel,0,100,22,6783223212724.513,3035,20.96,0,7,93.333336
X,0,"[1960, 1, 1]",13954,"[128, 1, 1]",23.333334,7,"void at::native::vectorized_elementwise_kernel<4, at::native::BinaryFunctor<float, float, float, at::native::(anonymous namespace)::threshold_kernel_impl<float>(at::TensorIteratorBase&, float, float)::{lambda(float, float)#1}>, at::detail::Array<char*, 3> >(int, at::native::BinaryFunctor<float, float, float, at::native::(anonymous namespace)::threshold_kernel_impl<float>(at::TensorIteratorBase&, float, float)::{lambda(float, float)#1}>, at::detail::Array<char*, 3>)",1,0,kernel,0,100,22,6783223215257.0,3042,22.016,0,7,93.333336
X,400,"[64, 1, 1]",14001,"[512, 1, 1]",0.761905,7,"void cudnn::bn_bw_1C11_kernel_new<float, float, float2, 128, true, 1>(float, float, float, float, cudnnTensorStruct, float const*, cudnnTensorStruct, float const*, cudnnTensorStruct, float*, float const*, float*, float*, float const*, float const*, float)",1,0,kernel,0,25,40,6783223215279.72,3047,36.192,0,7,12.190476
X,8704,"[2, 16, 1]",14032,"[32, 4, 1]",0.380952,7,"void cudnn::winograd::generateWinogradTilesKernel<0, float, float>(cudnn::winograd::GenerateWinogradTilesParams<float, float>)",1,0,kernel,0,3,40,6783223215316.68,3063,2.784,0,7,1.52381
X,49152,"[10, 7, 4]",14034,"[256, 1, 1]",3.333333,7,_5x_cudnn_ampere_scudnn_winograd_128x128_ldg1_ldg4_relu_tile148t_nt_v1,1,0,kernel,0,33,126,6783223215320.775,3063,56.961,0,7,26.666666
X,4224,"[98, 2, 5]",14054,"[256, 1, 1]",11.666667,7,"void cudnn::engines_precompiled::nchwToNhwcKernel<float, float, float, false, true, (cudnnKernelDataType_t)2>(cudnn::engines_precompiled::nchw2nhwc_params_t<float>, float const*, float*)",1,0,kernel,0,100,38,6783223215378.568,3063,14.56,0,7,93.333336
X,4224,"[98, 2, 5]",14056,"[256, 1, 1]",11.666667,7,"void cudnn::engines_precompiled::nchwToNhwcKernel<float, float, float, false, true, (cudnnKernelDataType_t)2>(cudnn::engines_precompiled::nchw2nhwc_params_t<float>, float const*, float*)",1,0,kernel,0,100,38,6783223215393.928,3063,16.128,0,7,93.333336
X,98304,"[9, 1, 7]",14064,"[128, 1, 1]",0.75,7,sm86_xmma_wgrad_implicit_gemm_indexed_tf32f32_tf32f32_f32_nhwckrsc_nhwc_tilesize64x64x64_stage3_warpsize2x2x1_g1_tensor16x8x8_execute_kernel__5x_cudnn,1,0,kernel,0,0,128,6783223215419.752,3063,50.848,0,7,3.0
X,4224,"[1, 2, 64]",14067,"[256, 1, 1]",1.52381,7,"void cudnn::engines_precompiled::nhwcToNchwKernel<float, float, float, true, false, (cudnnKernelDataType_t)0>(cudnn::engines_precompiled::nhwc2nchw_params_t<float>, float const*, float*)",1,0,kernel,0,25,40,6783223215471.336,3063,2.752,0,7,12.190476
X,0,"[1960, 1, 1]",14087,"[128, 1, 1]",23.333334,7,"void at::native::vectorized_elementwise_kernel<4, at::native::BinaryFunctor<float, float, float, at::native::(anonymous namespace)::threshold_kernel_impl<float>(at::TensorIteratorBase&, float, float)::{lambda(float, float)#1}>, at::detail::Array<char*, 3> >(int, at::native::BinaryFunctor<float, float, float, at::native::(anonymous namespace)::threshold_kernel_impl<float>(at::TensorIteratorBase&, float, float)::{lambda(float, float)#1}>, at::detail::Array<char*, 3>)",1,0,kernel,0,100,22,6783223215474.952,3072,19.168,0,7,93.333336
X,400,"[64, 1, 1]",14130,"[512, 1, 1]",0.761905,7,"void cudnn::bn_bw_1C11_kernel_new<float, float, float2, 128, true, 1>(float, float, float, float, cudnnTensorStruct, float const*, cudnnTensorStruct, float const*, cudnnTensorStruct, float*, float const*, float*, float*, float const*, float const*, float)",1,0,kernel,0,25,40,6783223215494.92,3075,36.192,0,7,12.190476
X,8704,"[2, 16, 1]",14161,"[32, 4, 1]",0.380952,7,"void cudnn::winograd::generateWinogradTilesKernel<0, float, float>(cudnn::winograd::GenerateWinogradTilesParams<float, float>)",1,0,kernel,0,3,40,6783223215531.848,3091,2.848,0,7,1.52381
X,49152,"[10, 7, 4]",14163,"[256, 1, 1]",3.333333,7,_5x_cudnn_ampere_scudnn_winograd_128x128_ldg1_ldg4_relu_tile148t_nt_v1,1,0,kernel,0,33,126,6783223215535.592,3091,56.864,0,7,26.666666
X,4224,"[98, 2, 5]",14183,"[256, 1, 1]",11.666667,7,"void cudnn::engines_precompiled::nchwToNhwcKernel<float, float, float, false, true, (cudnnKernelDataType_t)2>(cudnn::engines_precompiled::nchw2nhwc_params_t<float>, float const*, float*)",1,0,kernel,0,100,38,6783223215593.288,3091,14.56,0,7,93.333336
X,4224,"[98, 2, 5]",14185,"[256, 1, 1]",11.666667,7,"void cudnn::engines_precompiled::nchwToNhwcKernel<float, float, float, false, true, (cudnnKernelDataType_t)2>(cudnn::engines_precompiled::nchw2nhwc_params_t<float>, float const*, float*)",1,0,kernel,0,100,38,6783223215608.617,3091,15.903,0,7,93.333336
X,98304,"[9, 1, 7]",14193,"[128, 1, 1]",0.75,7,sm86_xmma_wgrad_implicit_gemm_indexed_tf32f32_tf32f32_f32_nhwckrsc_nhwc_tilesize64x64x64_stage3_warpsize2x2x1_g1_tensor16x8x8_execute_kernel__5x_cudnn,1,0,kernel,0,0,128,6783223215631.592,3091,50.497,0,7,3.0
X,4224,"[1, 2, 64]",14196,"[256, 1, 1]",1.52381,7,"void cudnn::engines_precompiled::nhwcToNchwKernel<float, float, float, true, false, (cudnnKernelDataType_t)0>(cudnn::engines_precompiled::nhwc2nchw_params_t<float>, float const*, float*)",1,0,kernel,0,25,40,6783223215682.824,3091,2.721,0,7,12.190476
X,0,"[1960, 1, 1]",14205,"[128, 1, 1]",23.333334,7,"void at::native::vectorized_elementwise_kernel<4, at::native::CUDAFunctor_add<float>, at::detail::Array<char*, 3> >(int, at::native::CUDAFunctor_add<float>, at::detail::Array<char*, 3>)",1,0,kernel,0,100,22,6783223215686.281,3094,19.2,0,7,93.333336
X,0,"[1960, 1, 1]",14225,"[128, 1, 1]",23.333334,7,"void at::native::vectorized_elementwise_kernel<4, at::native::BinaryFunctor<float, float, float, at::native::(anonymous namespace)::threshold_kernel_impl<float>(at::TensorIteratorBase&, float, float)::{lambda(float, float)#1}>, at::detail::Array<char*, 3> >(int, at::native::BinaryFunctor<float, float, float, at::native::(anonymous namespace)::threshold_kernel_impl<float>(at::TensorIteratorBase&, float, float)::{lambda(float, float)#1}>, at::detail::Array<char*, 3>)",1,0,kernel,0,100,22,6783223215706.28,3101,16.001,0,7,93.333336
X,400,"[64, 1, 1]",14272,"[512, 1, 1]",0.761905,7,"void cudnn::bn_bw_1C11_kernel_new<float, float, float2, 128, true, 1>(float, float, float, float, cudnnTensorStruct, float const*, cudnnTensorStruct, float const*, cudnnTensorStruct, float*, float const*, float*, float*, float const*, float const*, float)",1,0,kernel,0,25,40,6783223215723.145,3106,36.064,0,7,12.190476
X,8704,"[2, 16, 1]",14303,"[32, 4, 1]",0.380952,7,"void cudnn::winograd::generateWinogradTilesKernel<0, float, float>(cudnn::winograd::GenerateWinogradTilesParams<float, float>)",1,0,kernel,0,3,40,6783223215759.945,3122,2.816,0,7,1.52381
X,49152,"[10, 7, 4]",14305,"[256, 1, 1]",3.333333,7,_5x_cudnn_ampere_scudnn_winograd_128x128_ldg1_ldg4_relu_tile148t_nt_v1,1,0,kernel,0,33,126,6783223215763.625,3122,56.544,0,7,26.666666
X,4224,"[98, 2, 5]",14325,"[256, 1, 1]",11.666667,7,"void cudnn::engines_precompiled::nchwToNhwcKernel<float, float, float, false, true, (cudnnKernelDataType_t)2>(cudnn::engines_precompiled::nchw2nhwc_params_t<float>, float const*, float*)",1,0,kernel,0,100,38,6783223215820.905,3122,14.528,0,7,93.333336
X,4224,"[98, 2, 5]",14327,"[256, 1, 1]",11.666667,7,"void cudnn::engines_precompiled::nchwToNhwcKernel<float, float, float, false, true, (cudnnKernelDataType_t)2>(cudnn::engines_precompiled::nchw2nhwc_params_t<float>, float const*, float*)",1,0,kernel,0,100,38,6783223215836.201,3122,15.904,0,7,93.333336
X,98304,"[9, 1, 7]",14335,"[128, 1, 1]",0.75,7,sm86_xmma_wgrad_implicit_gemm_indexed_tf32f32_tf32f32_f32_nhwckrsc_nhwc_tilesize64x64x64_stage3_warpsize2x2x1_g1_tensor16x8x8_execute_kernel__5x_cudnn,1,0,kernel,0,0,128,6783223215858.505,3122,50.624,0,7,3.0
X,4224,"[1, 2, 64]",14338,"[256, 1, 1]",1.52381,7,"void cudnn::engines_precompiled::nhwcToNchwKernel<float, float, float, true, false, (cudnnKernelDataType_t)0>(cudnn::engines_precompiled::nhwc2nchw_params_t<float>, float const*, float*)",1,0,kernel,0,25,40,6783223215909.865,3122,2.688,0,7,12.190476
X,0,"[1960, 1, 1]",14358,"[128, 1, 1]",23.333334,7,"void at::native::vectorized_elementwise_kernel<4, at::native::BinaryFunctor<float, float, float, at::native::(anonymous namespace)::threshold_kernel_impl<float>(at::TensorIteratorBase&, float, float)::{lambda(float, float)#1}>, at::detail::Array<char*, 3> >(int, at::native::BinaryFunctor<float, float, float, at::native::(anonymous namespace)::threshold_kernel_impl<float>(at::TensorIteratorBase&, float, float)::{lambda(float, float)#1}>, at::detail::Array<char*, 3>)",1,0,kernel,0,100,22,6783223215913.449,3131,19.2,0,7,93.333336
X,400,"[64, 1, 1]",14401,"[512, 1, 1]",0.761905,7,"void cudnn::bn_bw_1C11_kernel_new<float, float, float2, 128, true, 1>(float, float, float, float, cudnnTensorStruct, float const*, cudnnTensorStruct, float const*, cudnnTensorStruct, float*, float const*, float*, float*, float const*, float const*, float)",1,0,kernel,0,25,40,6783223215933.513,3134,36.192,0,7,12.190476
X,8704,"[2, 16, 1]",14432,"[32, 4, 1]",0.380952,7,"void cudnn::winograd::generateWinogradTilesKernel<0, float, float>(cudnn::winograd::GenerateWinogradTilesParams<float, float>)",1,0,kernel,0,3,40,6783223215970.569,3150,2.817,0,7,1.52381
X,49152,"[10, 7, 4]",14434,"[256, 1, 1]",3.333333,7,_5x_cudnn_ampere_scudnn_winograd_128x128_ldg1_ldg4_relu_tile148t_nt_v1,1,0,kernel,0,33,126,6783223215974.377,3150,56.832,0,7,26.666666
X,4224,"[98, 2, 5]",14454,"[256, 1, 1]",11.666667,7,"void cudnn::engines_precompiled::nchwToNhwcKernel<float, float, float, false, true, (cudnnKernelDataType_t)2>(cudnn::engines_precompiled::nchw2nhwc_params_t<float>, float const*, float*)",1,0,kernel,0,100,38,6783223216032.073,3150,14.048,0,7,93.333336
X,4224,"[98, 2, 5]",14456,"[256, 1, 1]",11.666667,7,"void cudnn::engines_precompiled::nchwToNhwcKernel<float, float, float, false, true, (cudnnKernelDataType_t)2>(cudnn::engines_precompiled::nchw2nhwc_params_t<float>, float const*, float*)",1,0,kernel,0,100,38,6783223216046.921,3150,16.161,0,7,93.333336
X,98304,"[9, 1, 7]",14464,"[128, 1, 1]",0.75,7,sm86_xmma_wgrad_implicit_gemm_indexed_tf32f32_tf32f32_f32_nhwckrsc_nhwc_tilesize64x64x64_stage3_warpsize2x2x1_g1_tensor16x8x8_execute_kernel__5x_cudnn,1,0,kernel,0,0,128,6783223216068.49,3150,50.432,0,7,3.0
X,4224,"[1, 2, 64]",14467,"[256, 1, 1]",1.52381,7,"void cudnn::engines_precompiled::nhwcToNchwKernel<float, float, float, true, false, (cudnnKernelDataType_t)0>(cudnn::engines_precompiled::nhwc2nchw_params_t<float>, float const*, float*)",1,0,kernel,0,25,40,6783223216119.722,3150,2.752,0,7,12.190476
X,0,"[1960, 1, 1]",14476,"[128, 1, 1]",23.333334,7,"void at::native::vectorized_elementwise_kernel<4, at::native::CUDAFunctor_add<float>, at::detail::Array<char*, 3> >(int, at::native::CUDAFunctor_add<float>, at::detail::Array<char*, 3>)",1,0,kernel,0,100,22,6783223216123.274,3153,19.04,0,7,93.333336
X,0,"[7840, 1, 1]",14498,"[128, 1, 1]",93.333336,7,"void at::native::vectorized_elementwise_kernel<4, at::native::FillFunctor<float>, at::detail::Array<char*, 1> >(int, at::native::FillFunctor<float>, at::detail::Array<char*, 1>)",1,0,kernel,0,100,16,6783223216143.146,3162,28.768,0,7,373.333344
X,0,"[49, 5, 64]",14507,"[256, 1, 1]",186.666672,7,"void at::native::(anonymous namespace)::max_pool_backward_nchw<float, float>(float const*, long const*, int, long, long, long, int, int, int, int, int, int, int, int, int, int, float*)",1,0,kernel,0,100,40,6783223216172.714,3160,99.264,0,7,1493.333374
X,0,"[7840, 1, 1]",14521,"[128, 1, 1]",93.333336,7,"void at::native::vectorized_elementwise_kernel<4, at::native::BinaryFunctor<float, float, float, at::native::(anonymous namespace)::threshold_kernel_impl<float>(at::TensorIteratorBase&, float, float)::{lambda(float, float)#1}>, at::detail::Array<char*, 3> >(int, at::native::BinaryFunctor<float, float, float, at::native::(anonymous namespace)::threshold_kernel_impl<float>(at::TensorIteratorBase&, float, float)::{lambda(float, float)#1}>, at::detail::Array<char*, 3>)",1,0,kernel,0,100,22,6783223216272.778,3165,85.568,0,7,373.333344
X,400,"[64, 1, 1]",14564,"[512, 1, 1]",0.761905,7,"void cudnn::bn_bw_1C11_kernel_new<float, float, float2, 512, true, 1>(float, float, float, float, cudnnTensorStruct, float const*, cudnnTensorStruct, float const*, cudnnTensorStruct, float*, float const*, float*, float*, float const*, float const*, float)",1,0,kernel,0,25,40,6783223216359.082,3168,149.921,0,7,12.190476
X,2304,"[5, 2, 125]",14598,"[8, 8, 1]",14.880953,7,"void wgrad_alg0_engine<float, 128, 5, 5, 3, 3, 3, false, 512>(int, int, int, float const*, int, float*, float const*, kernel_grad_params, unsigned long long, int, float, int, int, int, int)",1,0,kernel,0,50,80,6783223216512.395,3184,148.384,0,7,29.761906
X,0,"[227, 1, 1]",14612,"[512, 1, 1]",2.702381,7,"void at::native::(anonymous namespace)::multi_tensor_apply_kernel<at::native::(anonymous namespace)::TensorListMetadata<2>, at::native::(anonymous namespace)::BinaryOpListAlphaFunctor<float, 2, 2, 0>, std::plus<float>, float>(at::native::(anonymous namespace)::TensorListMetadata<2>, at::native::(anonymous namespace)::BinaryOpListAlphaFunctor<float, 2, 2, 0>, std::plus<float>, float)",1,0,kernel,0,90,40,6783223255249.165,2056,254.497,0,7,43.238094
