ts,tid,pid,Ev Idx,dur,cat,ph,Input type,name,Input Strides,Fwd thread id,Concrete Inputs,Input Dims,Record function id,Sequence number,External id
6935384737297.825,36890,30902,0,59.278,cpu_op,X,,autograd::engine::evaluate_function: SumBackward0,,1,,,0,1903,2049
6935384737312.06,36890,30902,1,35.304,cpu_op,X,"[""float""]",SumBackward0,[[]],1,"[""""]",[[]],0,1903,2050
6935384737326.327,36890,30902,2,19.811,cpu_op,X,"[""float"", ""ScalarList"", ""Scalar""]",aten::expand,"[[], [], []]",,"["""", ""[300, 15]"", ""False""]","[[], [], []]",0,,2051
6935384737335.486,36890,30902,3,4.857,cpu_op,X,"[""float"", ""ScalarList"", ""ScalarList"", """"]",aten::as_strided,"[[], [], [], []]",,"["""", ""[300, 15]"", ""[0, 0]"", """"]","[[], [], [], []]",0,,2052
6935384737367.169,36890,30902,4,347.04,cpu_op,X,,autograd::engine::evaluate_function: AddmmBackward0,,1,,,0,1902,2053
6935384737370.667,36890,30902,5,278.782,cpu_op,X,"[""float""]",AddmmBackward0,"[[0, 0]]",1,"[""""]","[[300, 15]]",0,1902,2054
6935384737377.594,36890,30902,6,11.276,cpu_op,X,"[""float""]",aten::t,"[[1, 50]]",,"[""""]","[[50, 15]]",0,,2055
6935384737382.714,36890,30902,7,4.261,cpu_op,X,"[""float"", ""Scalar"", ""Scalar""]",aten::transpose,"[[1, 50], [], []]",,"["""", ""0"", ""1""]","[[50, 15], [], []]",0,,2056
6935384737385.432,36890,30902,8,0.855,cpu_op,X,"[""float"", ""ScalarList"", ""ScalarList"", """"]",aten::as_strided,"[[1, 50], [], [], []]",,"["""", ""[15, 50]"", ""[50, 1]"", """"]","[[50, 15], [], [], []]",0,,2057
6935384737395.538,36890,30902,9,143.951,cpu_op,X,"[""float"", ""float""]",aten::mm,"[[0, 0], [50, 1]]",,"["""", """"]","[[300, 15], [15, 50]]",0,,2058
6935384737417.056,36890,30902,10,69.635,cpu_op,X,"[""float"", ""Scalar""]",aten::clone,"[[0, 0], []]",,"["""", ""0""]","[[300, 15], []]",0,,2059
6935384737419.4,36890,30902,11,14.172,cpu_op,X,"[""float"", ""Scalar"", ""Scalar"", """", """", ""Scalar""]",aten::empty_like,"[[0, 0], [], [], [], [], []]",,"["""", ""6"", ""0"", """", """", ""0""]","[[300, 15], [], [], [], [], []]",0,,2060
6935384737424.6,36890,30902,12,8.029,cpu_op,X,"[""ScalarList"", ""Scalar"", ""Scalar"", """", """", ""Scalar""]",aten::empty,"[[], [], [], [], [], []]",,"[""[300, 15]"", ""6"", ""0"", """", """", ""0""]","[[], [], [], [], [], []]",0,,2061
6935384737437.04,36890,30902,13,48.952,cpu_op,X,"[""float"", ""float"", ""Scalar""]",aten::copy_,"[[15, 1], [0, 0], []]",,"["""", """", ""False""]","[[300, 15], [300, 15], []]",0,,2062
6935384737544.673,36890,30902,14,8.749,cpu_op,X,"[""float""]",aten::t,"[[0, 0]]",,"[""""]","[[300, 15]]",0,,2063
6935384737547.063,36890,30902,15,4.747,cpu_op,X,"[""float"", ""Scalar"", ""Scalar""]",aten::transpose,"[[0, 0], [], []]",,"["""", ""0"", ""1""]","[[300, 15], [], []]",0,,2064
6935384737550.013,36890,30902,16,1.284,cpu_op,X,"[""float"", ""ScalarList"", ""ScalarList"", """"]",aten::as_strided,"[[0, 0], [], [], []]",,"["""", ""[15, 300]"", ""[0, 0]"", """"]","[[300, 15], [], [], []]",0,,2065
6935384737565.763,36890,30902,17,72.425,cpu_op,X,"[""float"", ""float""]",aten::mm,"[[0, 0], [50, 1]]",,"["""", """"]","[[15, 300], [300, 50]]",0,,2066
6935384737575.311,36890,30902,18,32.874,cpu_op,X,"[""float"", ""Scalar""]",aten::clone,"[[0, 0], []]",,"["""", ""0""]","[[15, 300], []]",0,,2067
6935384737577.02,36890,30902,19,9.328,cpu_op,X,"[""float"", ""Scalar"", ""Scalar"", """", """", ""Scalar""]",aten::empty_like,"[[0, 0], [], [], [], [], []]",,"["""", ""6"", ""0"", """", """", ""0""]","[[15, 300], [], [], [], [], []]",0,,2068
6935384737579.636,36890,30902,20,5.975,cpu_op,X,"[""ScalarList"", ""Scalar"", ""Scalar"", """", """", ""Scalar""]",aten::empty,"[[], [], [], [], [], []]",,"[""[15, 300]"", ""6"", ""0"", """", """", ""0""]","[[], [], [], [], [], []]",0,,2069
6935384737588.042,36890,30902,21,19.559,cpu_op,X,"[""float"", ""float"", ""Scalar""]",aten::copy_,"[[300, 1], [0, 0], []]",,"["""", """", ""False""]","[[15, 300], [15, 300], []]",0,,2070
6935384737640.549,36890,30902,22,7.275,cpu_op,X,"[""float""]",aten::t,"[[50, 1]]",,"[""""]","[[15, 50]]",0,,2071
6935384737642.205,36890,30902,23,4.254,cpu_op,X,"[""float"", ""Scalar"", ""Scalar""]",aten::transpose,"[[50, 1], [], []]",,"["""", ""0"", ""1""]","[[15, 50], [], []]",0,,2072
6935384737644.847,36890,30902,24,1.101,cpu_op,X,"[""float"", ""ScalarList"", ""ScalarList"", """"]",aten::as_strided,"[[50, 1], [], [], []]",,"["""", ""[50, 15]"", ""[1, 50]"", """"]","[[15, 50], [], [], []]",0,,2073
6935384737655.362,36890,30902,25,32.608,cpu_op,X,"[""float"", ""ScalarList"", ""Scalar"", """"]",aten::sum,"[[0, 0], [], [], []]",,"["""", ""[0]"", ""True"", """"]","[[300, 15], [], [], []]",0,,2074
6935384737693.979,36890,30902,26,4.691,cpu_op,X,"[""float"", ""ScalarList""]",aten::view,"[[15, 1], []]",,"["""", ""[15]""]","[[1, 15], []]",0,,2075
6935384737733.127,36890,30902,27,23.237,cpu_op,X,,autograd::engine::evaluate_function: torch::autograd::AccumulateGrad,,,,,0,,2076
6935384737737.637,36890,30902,28,15.089,cpu_op,X,"[""float""]",torch::autograd::AccumulateGrad,[[1]],,"[""""]",[[15]],0,,2077
6935384737744.884,36890,30902,29,6.813,cpu_op,X,"[""float""]",aten::detach,[[1]],,"[""""]",[[15]],0,,2078
6935384737746.96,36890,30902,30,4.359,cpu_op,X,"[""float""]",detach,[[1]],,"[""""]",[[15]],0,,2079
6935384737764.411,36890,30902,31,16.109,cpu_op,X,,autograd::engine::evaluate_function: TBackward0,,1,,,0,1901,2080
6935384737767.188,36890,30902,32,9.649,cpu_op,X,"[""float""]",TBackward0,"[[1, 50]]",1,"[""""]","[[50, 15]]",0,1901,2081
6935384737768.813,36890,30902,33,7.591,cpu_op,X,"[""float""]",aten::t,"[[1, 50]]",,"[""""]","[[50, 15]]",0,,2082
6935384737770.743,36890,30902,34,4.255,cpu_op,X,"[""float"", ""Scalar"", ""Scalar""]",aten::transpose,"[[1, 50], [], []]",,"["""", ""0"", ""1""]","[[50, 15], [], []]",0,,2083
6935384737773.461,36890,30902,35,1.021,cpu_op,X,"[""float"", ""ScalarList"", ""ScalarList"", """"]",aten::as_strided,"[[1, 50], [], [], []]",,"["""", ""[15, 50]"", ""[50, 1]"", """"]","[[50, 15], [], [], []]",0,,2084
6935384737788.368,36890,30902,36,10.562,cpu_op,X,,autograd::engine::evaluate_function: torch::autograd::AccumulateGrad,,,,,0,,2085
6935384737791.617,36890,30902,37,5.141,cpu_op,X,"[""float""]",torch::autograd::AccumulateGrad,"[[50, 1]]",,"[""""]","[[15, 50]]",0,,2086
6935384737793.318,36890,30902,38,2.945,cpu_op,X,"[""float""]",aten::detach,"[[50, 1]]",,"[""""]","[[15, 50]]",0,,2087
6935384737794.385,36890,30902,39,1.521,cpu_op,X,"[""float""]",detach,"[[50, 1]]",,"[""""]","[[15, 50]]",0,,2088
6935384737805.834,36890,30902,40,107.624,cpu_op,X,,autograd::engine::evaluate_function: SliceBackward0,,1,,,0,1900,2089
6935384737808.45,36890,30902,41,99.127,cpu_op,X,"[""float""]",SliceBackward0,"[[50, 1]]",1,"[""""]","[[300, 50]]",0,1900,2090
6935384737815.765,36890,30902,42,90.974,cpu_op,X,"[""float"", ""ScalarList"", ""Scalar"", ""Scalar"", ""Scalar"", ""Scalar""]",aten::slice_backward,"[[50, 1], [], [], [], [], []]",,"["""", ""[300, 50]"", ""1"", ""0"", ""9223372036854775807"", ""1""]","[[300, 50], [], [], [], [], []]",0,,2091
6935384737823.499,36890,30902,43,39.059,cpu_op,X,"[""ScalarList"", ""Scalar"", ""Scalar"", """", """"]",aten::zeros,"[[], [], [], [], []]",,"[""[300, 50]"", ""6"", ""0"", """", """"]","[[], [], [], [], []]",0,,2092
6935384737826.103,36890,30902,44,7.918,cpu_op,X,"[""ScalarList"", ""Scalar"", ""Scalar"", """", """", """"]",aten::empty,"[[], [], [], [], [], []]",,"[""[300, 50]"", ""6"", ""0"", """", """", """"]","[[], [], [], [], [], []]",0,,2093
6935384737837.682,36890,30902,45,24.29,cpu_op,X,"[""float""]",aten::zero_,"[[50, 1]]",,"[""""]","[[300, 50]]",0,,2094
6935384737840.974,36890,30902,46,19.456,cpu_op,X,"[""float"", ""Scalar""]",aten::fill_,"[[50, 1], []]",,"["""", ""0""]","[[300, 50], []]",0,,2095
6935384737866.984,36890,30902,47,5.699,cpu_op,X,"[""float"", ""Scalar"", ""Scalar"", ""Scalar"", ""Scalar""]",aten::slice,"[[50, 1], [], [], [], []]",,"["""", ""1"", ""0"", ""9223372036854775807"", ""1""]","[[300, 50], [], [], [], []]",0,,2096
6935384737870.509,36890,30902,48,1.344,cpu_op,X,"[""float"", ""ScalarList"", ""ScalarList"", ""Scalar""]",aten::as_strided,"[[50, 1], [], [], []]",,"["""", ""[300, 50]"", ""[50, 1]"", ""0""]","[[300, 50], [], [], []]",0,,2097
6935384737874.427,36890,30902,49,30.776,cpu_op,X,"[""float"", ""float"", ""Scalar""]",aten::copy_,"[[50, 1], [50, 1], []]",,"["""", """", ""False""]","[[300, 50], [300, 50], []]",0,,2098
6935384737923.717,36890,30902,50,81.896,cpu_op,X,,autograd::engine::evaluate_function: SelectBackward0,,1,,,0,1899,2099
6935384737926.621,36890,30902,51,71.93,cpu_op,X,"[""float""]",SelectBackward0,"[[50, 1]]",1,"[""""]","[[300, 50]]",0,1899,2100
6935384737932.686,36890,30902,52,65.378,cpu_op,X,"[""float"", ""ScalarList"", ""Scalar"", ""Scalar""]",aten::select_backward,"[[50, 1], [], [], []]",,"["""", ""[300, 1000, 50]"", ""1"", ""-1""]","[[300, 50], [], [], []]",0,,2101
6935384737937.89,36890,30902,53,29.864,cpu_op,X,"[""ScalarList"", ""Scalar"", ""Scalar"", """", """"]",aten::zeros,"[[], [], [], [], []]",,"[""[300, 1000, 50]"", ""6"", ""0"", """", """"]","[[], [], [], [], []]",0,,2102
6935384737939.888,36890,30902,54,7.715,cpu_op,X,"[""ScalarList"", ""Scalar"", ""Scalar"", """", """", """"]",aten::empty,"[[], [], [], [], [], []]",,"[""[300, 1000, 50]"", ""6"", ""0"", """", """", """"]","[[], [], [], [], [], []]",0,,2103
6935384737949.568,36890,30902,55,17.627,cpu_op,X,"[""float""]",aten::zero_,"[[50000, 50, 1]]",,"[""""]","[[300, 1000, 50]]",0,,2104
6935384737951.842,36890,30902,56,13.849,cpu_op,X,"[""float"", ""Scalar""]",aten::fill_,"[[50000, 50, 1], []]",,"["""", ""0""]","[[300, 1000, 50], []]",0,,2105
6935384737971.664,36890,30902,57,7.388,cpu_op,X,"[""float"", ""Scalar"", ""Scalar""]",aten::select,"[[50000, 50, 1], [], []]",,"["""", ""1"", ""-1""]","[[300, 1000, 50], [], []]",0,,2106
6935384737976.737,36890,30902,58,1.226,cpu_op,X,"[""float"", ""ScalarList"", ""ScalarList"", ""Scalar""]",aten::as_strided,"[[50000, 50, 1], [], [], []]",,"["""", ""[300, 50]"", ""[50000, 1]"", ""49950""]","[[300, 1000, 50], [], [], []]",0,,2107
6935384737980.523,36890,30902,59,16.466,cpu_op,X,"[""float"", ""float"", ""Scalar""]",aten::copy_,"[[50000, 1], [50, 1], []]",,"["""", """", ""False""]","[[300, 50], [300, 50], []]",0,,2108
6935384738014.722,36890,30902,60,75.399,cpu_op,X,,autograd::engine::evaluate_function: SliceBackward0,,1,,,0,1898,2109
6935384738017.405,36890,30902,61,67.89,cpu_op,X,"[""float""]",SliceBackward0,"[[50000, 50, 1]]",1,"[""""]","[[300, 1000, 50]]",0,1898,2110
6935384738020.252,36890,30902,62,64.499,cpu_op,X,"[""float"", ""ScalarList"", ""Scalar"", ""Scalar"", ""Scalar"", ""Scalar""]",aten::slice_backward,"[[50000, 50, 1], [], [], [], [], []]",,"["""", ""[300, 1000, 50]"", ""0"", ""0"", ""9223372036854775807"", ""1""]","[[300, 1000, 50], [], [], [], [], []]",0,,2111
6935384738022.697,36890,30902,63,27.277,cpu_op,X,"[""ScalarList"", ""Scalar"", ""Scalar"", """", """"]",aten::zeros,"[[], [], [], [], []]",,"[""[300, 1000, 50]"", ""6"", ""0"", """", """"]","[[], [], [], [], []]",0,,2112
6935384738024.353,36890,30902,64,7.392,cpu_op,X,"[""ScalarList"", ""Scalar"", ""Scalar"", """", """", """"]",aten::empty,"[[], [], [], [], [], []]",,"[""[300, 1000, 50]"", ""6"", ""0"", """", """", """"]","[[], [], [], [], [], []]",0,,2113
6935384738033.43,36890,30902,65,16.011,cpu_op,X,"[""float""]",aten::zero_,"[[50000, 50, 1]]",,"[""""]","[[300, 1000, 50]]",0,,2114
6935384738035.478,36890,30902,66,12.43,cpu_op,X,"[""float"", ""Scalar""]",aten::fill_,"[[50000, 50, 1], []]",,"["""", ""0""]","[[300, 1000, 50], []]",0,,2115
6935384738051.825,36890,30902,67,4.299,cpu_op,X,"[""float"", ""Scalar"", ""Scalar"", ""Scalar"", ""Scalar""]",aten::slice,"[[50000, 50, 1], [], [], [], []]",,"["""", ""0"", ""0"", ""9223372036854775807"", ""1""]","[[300, 1000, 50], [], [], [], []]",0,,2116
6935384738054.461,36890,30902,68,1.022,cpu_op,X,"[""float"", ""ScalarList"", ""ScalarList"", ""Scalar""]",aten::as_strided,"[[50000, 50, 1], [], [], []]",,"["""", ""[300, 1000, 50]"", ""[50000, 50, 1]"", ""0""]","[[300, 1000, 50], [], [], []]",0,,2117
6935384738057.64,36890,30902,69,25.888,cpu_op,X,"[""float"", ""float"", ""Scalar""]",aten::copy_,"[[50000, 50, 1], [50000, 50, 1], []]",,"["""", """", ""False""]","[[300, 1000, 50], [300, 1000, 50], []]",0,,2118
6935384738099.957,36890,30902,70,6451.347,cpu_op,X,,autograd::engine::evaluate_function: CudnnRnnBackward0,,1,,,0,1897,2119
6935384738103.324,36890,30902,71,6406.025,cpu_op,X,"[""float"", """", """"]",CudnnRnnBackward0,"[[50000, 50, 1], [], []]",1,"["""", """", """"]","[[300, 1000, 50], [], []]",0,1897,2120
6935384738130.304,36890,30902,72,6370.919,cpu_op,X,"[""float"", ""TensorList"", ""Scalar"", ""float"", ""float"", ""float"", ""float"", ""float"", """", """", ""Scalar"", ""Scalar"", ""Scalar"", ""Scalar"", ""Scalar"", ""Scalar"", ""Scalar"", ""Scalar"", ""ScalarList"", """", ""unsigned char"", ""ScalarList""]",aten::_cudnn_rnn_backward,"[[10000, 10, 1], [], [], [1], [15000, 50, 1], [15000, 50, 1], [50, 15000, 1], [50000, 50, 1], [], [], [], [], [], [], [], [], [], [], [], [], [1], []]",,"["""", """", ""4"", """", """", """", """", """", """", """", ""2"", ""50"", ""0"", ""10"", ""True"", ""0."", ""True"", ""False"", ""[]"", """", """", ""[False, False, False, True]""]","[[300, 1000, 10], [], [], [196000], [10, 300, 50], [10, 300, 50], [300, 1000, 50], [300, 1000, 50], [], [], [], [], [], [], [], [], [], [], [], [], [3540000256], []]",0,,2121
6935384738147.242,36890,30902,73,32.713,cpu_op,X,"[""float"", """", """", """", """", ""Scalar""]",aten::zeros_like,"[[15000, 50, 1], [], [], [], [], []]",,"["""", """", """", """", """", ""0""]","[[10, 300, 50], [], [], [], [], []]",0,,2122
6935384738149.289,36890,30902,74,10.962,cpu_op,X,"[""float"", ""Scalar"", ""Scalar"", """", """", ""Scalar""]",aten::empty_like,"[[15000, 50, 1], [], [], [], [], []]",,"["""", ""6"", ""0"", """", """", ""0""]","[[10, 300, 50], [], [], [], [], []]",0,,2123
6935384738151.683,36890,30902,75,7.772,cpu_op,X,"[""ScalarList"", ""Scalar"", ""Scalar"", """", """", ""Scalar""]",aten::empty,"[[], [], [], [], [], []]",,"[""[10, 300, 50]"", ""6"", ""0"", """", """", ""0""]","[[], [], [], [], [], []]",0,,2124
6935384738161.748,36890,30902,76,17.74,cpu_op,X,"[""float""]",aten::zero_,"[[15000, 50, 1]]",,"[""""]","[[10, 300, 50]]",0,,2125
6935384738163.793,36890,30902,77,14.194,cpu_op,X,"[""float"", ""Scalar""]",aten::fill_,"[[15000, 50, 1], []]",,"["""", ""0""]","[[10, 300, 50], []]",0,,2126
6935384738181.834,36890,30902,78,25.08,cpu_op,X,"[""float"", """", """", """", """", ""Scalar""]",aten::zeros_like,"[[15000, 50, 1], [], [], [], [], []]",,"["""", """", """", """", """", ""0""]","[[10, 300, 50], [], [], [], [], []]",0,,2127
6935384738183.036,36890,30902,79,8.471,cpu_op,X,"[""float"", ""Scalar"", ""Scalar"", """", """", ""Scalar""]",aten::empty_like,"[[15000, 50, 1], [], [], [], [], []]",,"["""", ""6"", ""0"", """", """", ""0""]","[[10, 300, 50], [], [], [], [], []]",0,,2128
6935384738184.838,36890,30902,80,6.063,cpu_op,X,"[""ScalarList"", ""Scalar"", ""Scalar"", """", """", ""Scalar""]",aten::empty,"[[], [], [], [], [], []]",,"[""[10, 300, 50]"", ""6"", ""0"", """", """", ""0""]","[[], [], [], [], [], []]",0,,2129
6935384738192.766,36890,30902,81,13.746,cpu_op,X,"[""float""]",aten::zero_,"[[15000, 50, 1]]",,"[""""]","[[10, 300, 50]]",0,,2130
6935384738194.568,36890,30902,82,10.432,cpu_op,X,"[""float"", ""Scalar""]",aten::fill_,"[[15000, 50, 1], []]",,"["""", ""0""]","[[10, 300, 50], []]",0,,2131
6935384738224.848,36890,30902,83,4.971,cpu_op,X,"[""float"", ""Scalar"", ""Scalar""]",aten::transpose,"[[10000, 10, 1], [], []]",,"["""", ""0"", ""1""]","[[300, 1000, 10], [], []]",0,,2132
6935384738227.817,36890,30902,84,1.467,cpu_op,X,"[""float"", ""ScalarList"", ""ScalarList"", """"]",aten::as_strided,"[[10000, 10, 1], [], [], []]",,"["""", ""[1000, 300, 10]"", ""[10, 10000, 1]"", """"]","[[300, 1000, 10], [], [], []]",0,,2133
6935384738231.241,36890,30902,85,2.701,cpu_op,X,"[""float"", ""Scalar"", ""Scalar""]",aten::transpose,"[[50000, 50, 1], [], []]",,"["""", ""0"", ""1""]","[[300, 1000, 50], [], []]",0,,2134
6935384738233.013,36890,30902,86,0.566,cpu_op,X,"[""float"", ""ScalarList"", ""ScalarList"", """"]",aten::as_strided,"[[50000, 50, 1], [], [], []]",,"["""", ""[1000, 300, 50]"", ""[50, 50000, 1]"", """"]","[[300, 1000, 50], [], [], []]",0,,2135
6935384738235.142,36890,30902,87,2.786,cpu_op,X,"[""float"", ""Scalar"", ""Scalar""]",aten::transpose,"[[50, 15000, 1], [], []]",,"["""", ""0"", ""1""]","[[300, 1000, 50], [], []]",0,,2136
6935384738237.016,36890,30902,88,0.514,cpu_op,X,"[""float"", ""ScalarList"", ""ScalarList"", """"]",aten::as_strided,"[[50, 15000, 1], [], [], []]",,"["""", ""[1000, 300, 50]"", ""[15000, 50, 1]"", """"]","[[300, 1000, 50], [], [], []]",0,,2137
6935384738241.936,36890,30902,89,31.815,cpu_op,X,"[""float"", ""Scalar""]",aten::contiguous,"[[10, 10000, 1], []]",,"["""", ""0""]","[[1000, 300, 10], []]",0,,2138
6935384738243.532,36890,30902,90,29.827,cpu_op,X,"[""float"", ""Scalar""]",aten::clone,"[[10, 10000, 1], []]",,"["""", ""0""]","[[1000, 300, 10], []]",0,,2139
6935384738244.941,36890,30902,91,9.317,cpu_op,X,"[""float"", ""Scalar"", ""Scalar"", """", """", ""Scalar""]",aten::empty_like,"[[10, 10000, 1], [], [], [], [], []]",,"["""", ""6"", ""0"", """", """", ""0""]","[[1000, 300, 10], [], [], [], [], []]",0,,2140
6935384738246.714,36890,30902,92,6.85,cpu_op,X,"[""ScalarList"", ""Scalar"", ""Scalar"", """", """", ""Scalar""]",aten::empty,"[[], [], [], [], [], []]",,"[""[1000, 300, 10]"", ""6"", ""0"", """", """", ""0""]","[[], [], [], [], [], []]",0,,2141
6935384738255.877,36890,30902,93,16.853,cpu_op,X,"[""float"", ""float"", ""Scalar""]",aten::copy_,"[[3000, 10, 1], [10, 10000, 1], []]",,"["""", """", ""False""]","[[1000, 300, 10], [1000, 300, 10], []]",0,,2142
6935384738275.48,36890,30902,94,27.884,cpu_op,X,"[""float"", ""Scalar""]",aten::contiguous,"[[50, 50000, 1], []]",,"["""", ""0""]","[[1000, 300, 50], []]",0,,2143
6935384738276.595,36890,30902,95,26.402,cpu_op,X,"[""float"", ""Scalar""]",aten::clone,"[[50, 50000, 1], []]",,"["""", ""0""]","[[1000, 300, 50], []]",0,,2144
6935384738277.782,36890,30902,96,9.106,cpu_op,X,"[""float"", ""Scalar"", ""Scalar"", """", """", ""Scalar""]",aten::empty_like,"[[50, 50000, 1], [], [], [], [], []]",,"["""", ""6"", ""0"", """", """", ""0""]","[[1000, 300, 50], [], [], [], [], []]",0,,2145
6935384738279.592,36890,30902,97,6.654,cpu_op,X,"[""ScalarList"", ""Scalar"", ""Scalar"", """", """", ""Scalar""]",aten::empty,"[[], [], [], [], [], []]",,"[""[1000, 300, 50]"", ""6"", ""0"", """", """", ""0""]","[[], [], [], [], [], []]",0,,2146
6935384738288.411,36890,30902,98,14.009,cpu_op,X,"[""float"", ""float"", ""Scalar""]",aten::copy_,"[[15000, 50, 1], [50, 50000, 1], []]",,"["""", """", ""False""]","[[1000, 300, 50], [1000, 300, 50], []]",0,,2147
6935384738306.199,36890,30902,99,6.849,cpu_op,X,"[""ScalarList"", ""Scalar"", ""Scalar"", """", """", """"]",aten::empty,"[[], [], [], [], [], []]",,"[""[1000, 300, 10]"", ""6"", ""0"", """", """", """"]","[[], [], [], [], [], []]",0,,2148
6935384738315.729,36890,30902,100,1.498,cpu_op,X,"[""float"", ""ScalarList""]",aten::view,"[[15000, 50, 1], []]",,"["""", ""[10, 300, 50]""]","[[10, 300, 50], []]",0,,2149
6935384738318.904,36890,30902,101,0.585,cpu_op,X,"[""float"", ""ScalarList""]",aten::view,"[[15000, 50, 1], []]",,"["""", ""[10, 300, 50]""]","[[10, 300, 50], []]",0,,2150
6935384738321.199,36890,30902,102,6.225,cpu_op,X,"[""ScalarList"", ""Scalar"", ""Scalar"", """", """", """"]",aten::empty,"[[], [], [], [], [], []]",,"[""[10, 300, 50]"", ""6"", ""0"", """", """", """"]","[[], [], [], [], [], []]",0,,2151
6935384738329.426,36890,30902,103,5.637,cpu_op,X,"[""ScalarList"", ""Scalar"", ""Scalar"", """", """", """"]",aten::empty,"[[], [], [], [], [], []]",,"[""[10, 300, 50]"", ""6"", ""0"", """", """", """"]","[[], [], [], [], [], []]",0,,2152
6935384738446.3,36890,30902,104,7.513,cpu_op,X,"[""ScalarList"", ""Scalar"", ""Scalar"", """", """", """"]",aten::empty,"[[], [], [], [], [], []]",,"[""[1277571872]"", ""0"", ""0"", """", """", """"]","[[], [], [], [], [], []]",0,,2153
6935384739737.129,36890,30902,105,13.088,cpu_op,X,"[""float"", ""Scalar"", ""Scalar""]",aten::transpose_,"[[3000, 10, 1], [], []]",,"["""", ""0"", ""1""]","[[1000, 300, 10], [], []]",0,,2154
6935384739743.315,36890,30902,106,5.821,cpu_op,X,"[""float"", ""ScalarList"", ""ScalarList"", """"]",aten::as_strided_,"[[3000, 10, 1], [], [], []]",,"["""", ""[300, 1000, 10]"", ""[10, 3000, 1]"", """"]","[[1000, 300, 10], [], [], []]",0,,2155
6935384739772.002,36890,30902,107,6.244,cpu_op,X,"[""float"", ""Scalar"", ""Scalar""]",aten::transpose,"[[10000, 10, 1], [], []]",,"["""", ""0"", ""1""]","[[300, 1000, 10], [], []]",0,,2156
6935384739775.194,36890,30902,108,2.491,cpu_op,X,"[""float"", ""ScalarList"", ""ScalarList"", """"]",aten::as_strided,"[[10000, 10, 1], [], [], []]",,"["""", ""[1000, 300, 10]"", ""[10, 10000, 1]"", """"]","[[300, 1000, 10], [], [], []]",0,,2157
6935384739779.684,36890,30902,109,2.798,cpu_op,X,"[""float"", ""Scalar"", ""Scalar""]",aten::transpose,"[[50, 15000, 1], [], []]",,"["""", ""0"", ""1""]","[[300, 1000, 50], [], []]",0,,2158
6935384739781.574,36890,30902,110,0.518,cpu_op,X,"[""float"", ""ScalarList"", ""ScalarList"", """"]",aten::as_strided,"[[50, 15000, 1], [], [], []]",,"["""", ""[1000, 300, 50]"", ""[15000, 50, 1]"", """"]","[[300, 1000, 50], [], [], []]",0,,2159
6935384739785.061,36890,30902,111,47.235,cpu_op,X,"[""float"", ""Scalar""]",aten::contiguous,"[[10, 10000, 1], []]",,"["""", ""0""]","[[1000, 300, 10], []]",0,,2160
6935384739786.58,36890,30902,112,45.178,cpu_op,X,"[""float"", ""Scalar""]",aten::clone,"[[10, 10000, 1], []]",,"["""", ""0""]","[[1000, 300, 10], []]",0,,2161
6935384739789.421,36890,30902,113,13.547,cpu_op,X,"[""float"", ""Scalar"", ""Scalar"", """", """", ""Scalar""]",aten::empty_like,"[[10, 10000, 1], [], [], [], [], []]",,"["""", ""6"", ""0"", """", """", ""0""]","[[1000, 300, 10], [], [], [], [], []]",0,,2162
6935384739792.152,36890,30902,114,9.9,cpu_op,X,"[""ScalarList"", ""Scalar"", ""Scalar"", """", """", ""Scalar""]",aten::empty,"[[], [], [], [], [], []]",,"[""[1000, 300, 10]"", ""6"", ""0"", """", """", ""0""]","[[], [], [], [], [], []]",0,,2163
6935384739804.884,36890,30902,115,26.197,cpu_op,X,"[""float"", ""float"", ""Scalar""]",aten::copy_,"[[3000, 10, 1], [10, 10000, 1], []]",,"["""", """", ""False""]","[[1000, 300, 10], [1000, 300, 10], []]",0,,2164
6935384739835.288,36890,30902,116,29.693,cpu_op,X,"[""ScalarList"", ""Scalar"", ""Scalar"", """", """"]",aten::zeros,"[[], [], [], [], []]",,"[""[196000]"", ""6"", ""0"", """", """"]","[[], [], [], [], []]",0,,2165
6935384739837.378,36890,30902,117,7.316,cpu_op,X,"[""ScalarList"", ""Scalar"", ""Scalar"", """", """", """"]",aten::empty,"[[], [], [], [], [], []]",,"[""[196000]"", ""6"", ""0"", """", """", """"]","[[], [], [], [], [], []]",0,,2166
6935384739846.814,36890,30902,118,17.613,cpu_op,X,"[""float""]",aten::zero_,[[1]],,"[""""]",[[196000]],0,,2167
6935384739849.352,36890,30902,119,13.452,cpu_op,X,"[""float"", ""Scalar""]",aten::fill_,"[[1], []]",,"["""", ""0""]","[[196000], []]",0,,2168
6935384739966.316,36890,30902,120,6.558,cpu_op,X,"[""ScalarList"", ""Scalar"", ""Scalar"", """", """", """"]",aten::empty,"[[], [], [], [], [], []]",,"[""[1277571872]"", ""0"", ""0"", """", """", """"]","[[], [], [], [], [], []]",0,,2169
6935384741466.999,36890,30902,121,6.935,cpu_op,X,"[""ScalarList"", ""Scalar"", ""Scalar"", """", """", """"]",aten::empty,"[[], [], [], [], [], []]",,"[""[0]"", ""6"", ""0"", """", """", """"]","[[], [], [], [], [], []]",0,,2170
6935384741480.295,36890,30902,122,3.132,cpu_op,X,"[""float"", """", ""Scalar"", ""ScalarList"", ""ScalarList""]",aten::set_,"[[1], [], [], [], []]",,"["""", """", ""0"", ""[2000, 1]"", ""[]""]","[[0], [], [], [], []]",0,,2171
6935384741541.461,36890,30902,123,4.463,cpu_op,X,"[""ScalarList"", ""Scalar"", ""Scalar"", """", """", """"]",aten::empty,"[[], [], [], [], [], []]",,"[""[0]"", ""6"", ""0"", """", """", """"]","[[], [], [], [], [], []]",0,,2172
6935384741548.405,36890,30902,124,0.521,cpu_op,X,"[""float"", """", ""Scalar"", ""ScalarList"", ""ScalarList""]",aten::set_,"[[1], [], [], [], []]",,"["""", """", ""2000"", ""[10000, 1]"", ""[]""]","[[0], [], [], [], []]",0,,2173
6935384741633.858,36890,30902,125,4.842,cpu_op,X,"[""ScalarList"", ""Scalar"", ""Scalar"", """", """", """"]",aten::empty,"[[], [], [], [], [], []]",,"[""[0]"", ""6"", ""0"", """", """", """"]","[[], [], [], [], [], []]",0,,2174
6935384741641.395,36890,30902,126,0.535,cpu_op,X,"[""float"", """", ""Scalar"", ""ScalarList"", ""ScalarList""]",aten::set_,"[[1], [], [], [], []]",,"["""", """", ""192000"", ""[200, 1]"", ""[]""]","[[0], [], [], [], []]",0,,2175
6935384741702.392,36890,30902,127,4.658,cpu_op,X,"[""ScalarList"", ""Scalar"", ""Scalar"", """", """", """"]",aten::empty,"[[], [], [], [], [], []]",,"[""[0]"", ""6"", ""0"", """", """", """"]","[[], [], [], [], [], []]",0,,2176
6935384741709.075,36890,30902,128,0.502,cpu_op,X,"[""float"", """", ""Scalar"", ""ScalarList"", ""ScalarList""]",aten::set_,"[[1], [], [], [], []]",,"["""", """", ""192200"", ""[200, 1]"", ""[]""]","[[0], [], [], [], []]",0,,2177
6935384741769.893,36890,30902,129,4.563,cpu_op,X,"[""ScalarList"", ""Scalar"", ""Scalar"", """", """", """"]",aten::empty,"[[], [], [], [], [], []]",,"[""[0]"", ""6"", ""0"", """", """", """"]","[[], [], [], [], [], []]",0,,2178
6935384741776.7,36890,30902,130,0.499,cpu_op,X,"[""float"", """", ""Scalar"", ""ScalarList"", ""ScalarList""]",aten::set_,"[[1], [], [], [], []]",,"["""", """", ""12000"", ""[10000, 1]"", ""[]""]","[[0], [], [], [], []]",0,,2179
6935384741836.959,36890,30902,131,4.475,cpu_op,X,"[""ScalarList"", ""Scalar"", ""Scalar"", """", """", """"]",aten::empty,"[[], [], [], [], [], []]",,"[""[0]"", ""6"", ""0"", """", """", """"]","[[], [], [], [], [], []]",0,,2180
6935384741843.528,36890,30902,132,0.487,cpu_op,X,"[""float"", """", ""Scalar"", ""ScalarList"", ""ScalarList""]",aten::set_,"[[1], [], [], [], []]",,"["""", """", ""22000"", ""[10000, 1]"", ""[]""]","[[0], [], [], [], []]",0,,2181
6935384741904.824,36890,30902,133,4.543,cpu_op,X,"[""ScalarList"", ""Scalar"", ""Scalar"", """", """", """"]",aten::empty,"[[], [], [], [], [], []]",,"[""[0]"", ""6"", ""0"", """", """", """"]","[[], [], [], [], [], []]",0,,2182
6935384741911.788,36890,30902,134,0.481,cpu_op,X,"[""float"", """", ""Scalar"", ""ScalarList"", ""ScalarList""]",aten::set_,"[[1], [], [], [], []]",,"["""", """", ""192400"", ""[200, 1]"", ""[]""]","[[0], [], [], [], []]",0,,2183
6935384741974.812,36890,30902,135,4.634,cpu_op,X,"[""ScalarList"", ""Scalar"", ""Scalar"", """", """", """"]",aten::empty,"[[], [], [], [], [], []]",,"[""[0]"", ""6"", ""0"", """", """", """"]","[[], [], [], [], [], []]",0,,2184
6935384741981.699,36890,30902,136,0.476,cpu_op,X,"[""float"", """", ""Scalar"", ""ScalarList"", ""ScalarList""]",aten::set_,"[[1], [], [], [], []]",,"["""", """", ""192600"", ""[200, 1]"", ""[]""]","[[0], [], [], [], []]",0,,2185
6935384742044.715,36890,30902,137,4.651,cpu_op,X,"[""ScalarList"", ""Scalar"", ""Scalar"", """", """", """"]",aten::empty,"[[], [], [], [], [], []]",,"[""[0]"", ""6"", ""0"", """", """", """"]","[[], [], [], [], [], []]",0,,2186
6935384742051.444,36890,30902,138,0.48,cpu_op,X,"[""float"", """", ""Scalar"", ""ScalarList"", ""ScalarList""]",aten::set_,"[[1], [], [], [], []]",,"["""", """", ""32000"", ""[10000, 1]"", ""[]""]","[[0], [], [], [], []]",0,,2187
6935384742113.078,36890,30902,139,4.5,cpu_op,X,"[""ScalarList"", ""Scalar"", ""Scalar"", """", """", """"]",aten::empty,"[[], [], [], [], [], []]",,"[""[0]"", ""6"", ""0"", """", """", """"]","[[], [], [], [], [], []]",0,,2188
6935384742119.622,36890,30902,140,0.49,cpu_op,X,"[""float"", """", ""Scalar"", ""ScalarList"", ""ScalarList""]",aten::set_,"[[1], [], [], [], []]",,"["""", """", ""42000"", ""[10000, 1]"", ""[]""]","[[0], [], [], [], []]",0,,2189
6935384742184.818,36890,30902,141,4.827,cpu_op,X,"[""ScalarList"", ""Scalar"", ""Scalar"", """", """", """"]",aten::empty,"[[], [], [], [], [], []]",,"[""[0]"", ""6"", ""0"", """", """", """"]","[[], [], [], [], [], []]",0,,2190
6935384742192.021,36890,30902,142,0.461,cpu_op,X,"[""float"", """", ""Scalar"", ""ScalarList"", ""ScalarList""]",aten::set_,"[[1], [], [], [], []]",,"["""", """", ""192800"", ""[200, 1]"", ""[]""]","[[0], [], [], [], []]",0,,2191
6935384742259.836,36890,30902,143,4.814,cpu_op,X,"[""ScalarList"", ""Scalar"", ""Scalar"", """", """", """"]",aten::empty,"[[], [], [], [], [], []]",,"[""[0]"", ""6"", ""0"", """", """", """"]","[[], [], [], [], [], []]",0,,2192
6935384742266.933,36890,30902,144,0.478,cpu_op,X,"[""float"", """", ""Scalar"", ""ScalarList"", ""ScalarList""]",aten::set_,"[[1], [], [], [], []]",,"["""", """", ""193000"", ""[200, 1]"", ""[]""]","[[0], [], [], [], []]",0,,2193
6935384742332.396,36890,30902,145,4.663,cpu_op,X,"[""ScalarList"", ""Scalar"", ""Scalar"", """", """", """"]",aten::empty,"[[], [], [], [], [], []]",,"[""[0]"", ""6"", ""0"", """", """", """"]","[[], [], [], [], [], []]",0,,2194
6935384742339.199,36890,30902,146,0.506,cpu_op,X,"[""float"", """", ""Scalar"", ""ScalarList"", ""ScalarList""]",aten::set_,"[[1], [], [], [], []]",,"["""", """", ""52000"", ""[10000, 1]"", ""[]""]","[[0], [], [], [], []]",0,,2195
6935384742403.355,36890,30902,147,4.736,cpu_op,X,"[""ScalarList"", ""Scalar"", ""Scalar"", """", """", """"]",aten::empty,"[[], [], [], [], [], []]",,"[""[0]"", ""6"", ""0"", """", """", """"]","[[], [], [], [], [], []]",0,,2196
6935384742410.255,36890,30902,148,0.525,cpu_op,X,"[""float"", """", ""Scalar"", ""ScalarList"", ""ScalarList""]",aten::set_,"[[1], [], [], [], []]",,"["""", """", ""62000"", ""[10000, 1]"", ""[]""]","[[0], [], [], [], []]",0,,2197
6935384742476.65,36890,30902,149,4.754,cpu_op,X,"[""ScalarList"", ""Scalar"", ""Scalar"", """", """", """"]",aten::empty,"[[], [], [], [], [], []]",,"[""[0]"", ""6"", ""0"", """", """", """"]","[[], [], [], [], [], []]",0,,2198
6935384742483.611,36890,30902,150,0.52,cpu_op,X,"[""float"", """", ""Scalar"", ""ScalarList"", ""ScalarList""]",aten::set_,"[[1], [], [], [], []]",,"["""", """", ""193200"", ""[200, 1]"", ""[]""]","[[0], [], [], [], []]",0,,2199
6935384742552.0,36890,30902,151,4.731,cpu_op,X,"[""ScalarList"", ""Scalar"", ""Scalar"", """", """", """"]",aten::empty,"[[], [], [], [], [], []]",,"[""[0]"", ""6"", ""0"", """", """", """"]","[[], [], [], [], [], []]",0,,2200
6935384742558.883,36890,30902,152,0.531,cpu_op,X,"[""float"", """", ""Scalar"", ""ScalarList"", ""ScalarList""]",aten::set_,"[[1], [], [], [], []]",,"["""", """", ""193400"", ""[200, 1]"", ""[]""]","[[0], [], [], [], []]",0,,2201
6935384742626.042,36890,30902,153,4.701,cpu_op,X,"[""ScalarList"", ""Scalar"", ""Scalar"", """", """", """"]",aten::empty,"[[], [], [], [], [], []]",,"[""[0]"", ""6"", ""0"", """", """", """"]","[[], [], [], [], [], []]",0,,2202
6935384742632.916,36890,30902,154,0.506,cpu_op,X,"[""float"", """", ""Scalar"", ""ScalarList"", ""ScalarList""]",aten::set_,"[[1], [], [], [], []]",,"["""", """", ""72000"", ""[10000, 1]"", ""[]""]","[[0], [], [], [], []]",0,,2203
6935384742696.168,36890,30902,155,4.947,cpu_op,X,"[""ScalarList"", ""Scalar"", ""Scalar"", """", """", """"]",aten::empty,"[[], [], [], [], [], []]",,"[""[0]"", ""6"", ""0"", """", """", """"]","[[], [], [], [], [], []]",0,,2204
6935384742703.258,36890,30902,156,0.515,cpu_op,X,"[""float"", """", ""Scalar"", ""ScalarList"", ""ScalarList""]",aten::set_,"[[1], [], [], [], []]",,"["""", """", ""82000"", ""[10000, 1]"", ""[]""]","[[0], [], [], [], []]",0,,2205
6935384742768.624,36890,30902,157,4.728,cpu_op,X,"[""ScalarList"", ""Scalar"", ""Scalar"", """", """", """"]",aten::empty,"[[], [], [], [], [], []]",,"[""[0]"", ""6"", ""0"", """", """", """"]","[[], [], [], [], [], []]",0,,2206
6935384742775.592,36890,30902,158,0.506,cpu_op,X,"[""float"", """", ""Scalar"", ""ScalarList"", ""ScalarList""]",aten::set_,"[[1], [], [], [], []]",,"["""", """", ""193600"", ""[200, 1]"", ""[]""]","[[0], [], [], [], []]",0,,2207
6935384742842.886,36890,30902,159,4.749,cpu_op,X,"[""ScalarList"", ""Scalar"", ""Scalar"", """", """", """"]",aten::empty,"[[], [], [], [], [], []]",,"[""[0]"", ""6"", ""0"", """", """", """"]","[[], [], [], [], [], []]",0,,2208
6935384742849.786,36890,30902,160,0.509,cpu_op,X,"[""float"", """", ""Scalar"", ""ScalarList"", ""ScalarList""]",aten::set_,"[[1], [], [], [], []]",,"["""", """", ""193800"", ""[200, 1]"", ""[]""]","[[0], [], [], [], []]",0,,2209
6935384742916.445,36890,30902,161,4.796,cpu_op,X,"[""ScalarList"", ""Scalar"", ""Scalar"", """", """", """"]",aten::empty,"[[], [], [], [], [], []]",,"[""[0]"", ""6"", ""0"", """", """", """"]","[[], [], [], [], [], []]",0,,2210
6935384742923.638,36890,30902,162,0.505,cpu_op,X,"[""float"", """", ""Scalar"", ""ScalarList"", ""ScalarList""]",aten::set_,"[[1], [], [], [], []]",,"["""", """", ""92000"", ""[10000, 1]"", ""[]""]","[[0], [], [], [], []]",0,,2211
6935384742987.677,36890,30902,163,4.706,cpu_op,X,"[""ScalarList"", ""Scalar"", ""Scalar"", """", """", """"]",aten::empty,"[[], [], [], [], [], []]",,"[""[0]"", ""6"", ""0"", """", """", """"]","[[], [], [], [], [], []]",0,,2212
6935384742994.532,36890,30902,164,0.505,cpu_op,X,"[""float"", """", ""Scalar"", ""ScalarList"", ""ScalarList""]",aten::set_,"[[1], [], [], [], []]",,"["""", """", ""102000"", ""[10000, 1]"", ""[]""]","[[0], [], [], [], []]",0,,2213
6935384743059.553,36890,30902,165,4.907,cpu_op,X,"[""ScalarList"", ""Scalar"", ""Scalar"", """", """", """"]",aten::empty,"[[], [], [], [], [], []]",,"[""[0]"", ""6"", ""0"", """", """", """"]","[[], [], [], [], [], []]",0,,2214
6935384743066.657,36890,30902,166,0.51,cpu_op,X,"[""float"", """", ""Scalar"", ""ScalarList"", ""ScalarList""]",aten::set_,"[[1], [], [], [], []]",,"["""", """", ""194000"", ""[200, 1]"", ""[]""]","[[0], [], [], [], []]",0,,2215
6935384743133.33,36890,30902,167,4.803,cpu_op,X,"[""ScalarList"", ""Scalar"", ""Scalar"", """", """", """"]",aten::empty,"[[], [], [], [], [], []]",,"[""[0]"", ""6"", ""0"", """", """", """"]","[[], [], [], [], [], []]",0,,2216
6935384743140.282,36890,30902,168,0.508,cpu_op,X,"[""float"", """", ""Scalar"", ""ScalarList"", ""ScalarList""]",aten::set_,"[[1], [], [], [], []]",,"["""", """", ""194200"", ""[200, 1]"", ""[]""]","[[0], [], [], [], []]",0,,2217
6935384743207.42,36890,30902,169,4.712,cpu_op,X,"[""ScalarList"", ""Scalar"", ""Scalar"", """", """", """"]",aten::empty,"[[], [], [], [], [], []]",,"[""[0]"", ""6"", ""0"", """", """", """"]","[[], [], [], [], [], []]",0,,2218
6935384743214.573,36890,30902,170,0.506,cpu_op,X,"[""float"", """", ""Scalar"", ""ScalarList"", ""ScalarList""]",aten::set_,"[[1], [], [], [], []]",,"["""", """", ""112000"", ""[10000, 1]"", ""[]""]","[[0], [], [], [], []]",0,,2219
6935384743278.692,36890,30902,171,4.687,cpu_op,X,"[""ScalarList"", ""Scalar"", ""Scalar"", """", """", """"]",aten::empty,"[[], [], [], [], [], []]",,"[""[0]"", ""6"", ""0"", """", """", """"]","[[], [], [], [], [], []]",0,,2220
6935384743285.523,36890,30902,172,0.505,cpu_op,X,"[""float"", """", ""Scalar"", ""ScalarList"", ""ScalarList""]",aten::set_,"[[1], [], [], [], []]",,"["""", """", ""122000"", ""[10000, 1]"", ""[]""]","[[0], [], [], [], []]",0,,2221
6935384743350.693,36890,30902,173,4.748,cpu_op,X,"[""ScalarList"", ""Scalar"", ""Scalar"", """", """", """"]",aten::empty,"[[], [], [], [], [], []]",,"[""[0]"", ""6"", ""0"", """", """", """"]","[[], [], [], [], [], []]",0,,2222
6935384743357.604,36890,30902,174,0.507,cpu_op,X,"[""float"", """", ""Scalar"", ""ScalarList"", ""ScalarList""]",aten::set_,"[[1], [], [], [], []]",,"["""", """", ""194400"", ""[200, 1]"", ""[]""]","[[0], [], [], [], []]",0,,2223
6935384743424.386,36890,30902,175,4.717,cpu_op,X,"[""ScalarList"", ""Scalar"", ""Scalar"", """", """", """"]",aten::empty,"[[], [], [], [], [], []]",,"[""[0]"", ""6"", ""0"", """", """", """"]","[[], [], [], [], [], []]",0,,2224
6935384743431.29,36890,30902,176,0.506,cpu_op,X,"[""float"", """", ""Scalar"", ""ScalarList"", ""ScalarList""]",aten::set_,"[[1], [], [], [], []]",,"["""", """", ""194600"", ""[200, 1]"", ""[]""]","[[0], [], [], [], []]",0,,2225
6935384743497.688,36890,30902,177,4.676,cpu_op,X,"[""ScalarList"", ""Scalar"", ""Scalar"", """", """", """"]",aten::empty,"[[], [], [], [], [], []]",,"[""[0]"", ""6"", ""0"", """", """", """"]","[[], [], [], [], [], []]",0,,2226
6935384743504.53,36890,30902,178,0.506,cpu_op,X,"[""float"", """", ""Scalar"", ""ScalarList"", ""ScalarList""]",aten::set_,"[[1], [], [], [], []]",,"["""", """", ""132000"", ""[10000, 1]"", ""[]""]","[[0], [], [], [], []]",0,,2227
6935384743568.809,36890,30902,179,4.708,cpu_op,X,"[""ScalarList"", ""Scalar"", ""Scalar"", """", """", """"]",aten::empty,"[[], [], [], [], [], []]",,"[""[0]"", ""6"", ""0"", """", """", """"]","[[], [], [], [], [], []]",0,,2228
6935384743575.713,36890,30902,180,0.506,cpu_op,X,"[""float"", """", ""Scalar"", ""ScalarList"", ""ScalarList""]",aten::set_,"[[1], [], [], [], []]",,"["""", """", ""142000"", ""[10000, 1]"", ""[]""]","[[0], [], [], [], []]",0,,2229
6935384743641.541,36890,30902,181,4.741,cpu_op,X,"[""ScalarList"", ""Scalar"", ""Scalar"", """", """", """"]",aten::empty,"[[], [], [], [], [], []]",,"[""[0]"", ""6"", ""0"", """", """", """"]","[[], [], [], [], [], []]",0,,2230
6935384743648.445,36890,30902,182,0.509,cpu_op,X,"[""float"", """", ""Scalar"", ""ScalarList"", ""ScalarList""]",aten::set_,"[[1], [], [], [], []]",,"["""", """", ""194800"", ""[200, 1]"", ""[]""]","[[0], [], [], [], []]",0,,2231
6935384743715.138,36890,30902,183,4.696,cpu_op,X,"[""ScalarList"", ""Scalar"", ""Scalar"", """", """", """"]",aten::empty,"[[], [], [], [], [], []]",,"[""[0]"", ""6"", ""0"", """", """", """"]","[[], [], [], [], [], []]",0,,2232
6935384743722.042,36890,30902,184,0.498,cpu_op,X,"[""float"", """", ""Scalar"", ""ScalarList"", ""ScalarList""]",aten::set_,"[[1], [], [], [], []]",,"["""", """", ""195000"", ""[200, 1]"", ""[]""]","[[0], [], [], [], []]",0,,2233
6935384743788.705,36890,30902,185,4.686,cpu_op,X,"[""ScalarList"", ""Scalar"", ""Scalar"", """", """", """"]",aten::empty,"[[], [], [], [], [], []]",,"[""[0]"", ""6"", ""0"", """", """", """"]","[[], [], [], [], [], []]",0,,2234
6935384743795.545,36890,30902,186,0.504,cpu_op,X,"[""float"", """", ""Scalar"", ""ScalarList"", ""ScalarList""]",aten::set_,"[[1], [], [], [], []]",,"["""", """", ""152000"", ""[10000, 1]"", ""[]""]","[[0], [], [], [], []]",0,,2235
6935384743859.646,36890,30902,187,4.706,cpu_op,X,"[""ScalarList"", ""Scalar"", ""Scalar"", """", """", """"]",aten::empty,"[[], [], [], [], [], []]",,"[""[0]"", ""6"", ""0"", """", """", """"]","[[], [], [], [], [], []]",0,,2236
6935384743866.497,36890,30902,188,0.511,cpu_op,X,"[""float"", """", ""Scalar"", ""ScalarList"", ""ScalarList""]",aten::set_,"[[1], [], [], [], []]",,"["""", """", ""162000"", ""[10000, 1]"", ""[]""]","[[0], [], [], [], []]",0,,2237
6935384743931.899,36890,30902,189,4.68,cpu_op,X,"[""ScalarList"", ""Scalar"", ""Scalar"", """", """", """"]",aten::empty,"[[], [], [], [], [], []]",,"[""[0]"", ""6"", ""0"", """", """", """"]","[[], [], [], [], [], []]",0,,2238
6935384743938.733,36890,30902,190,0.507,cpu_op,X,"[""float"", """", ""Scalar"", ""ScalarList"", ""ScalarList""]",aten::set_,"[[1], [], [], [], []]",,"["""", """", ""195200"", ""[200, 1]"", ""[]""]","[[0], [], [], [], []]",0,,2239
6935384744006.497,36890,30902,191,4.701,cpu_op,X,"[""ScalarList"", ""Scalar"", ""Scalar"", """", """", """"]",aten::empty,"[[], [], [], [], [], []]",,"[""[0]"", ""6"", ""0"", """", """", """"]","[[], [], [], [], [], []]",0,,2240
6935384744013.357,36890,30902,192,0.518,cpu_op,X,"[""float"", """", ""Scalar"", ""ScalarList"", ""ScalarList""]",aten::set_,"[[1], [], [], [], []]",,"["""", """", ""195400"", ""[200, 1]"", ""[]""]","[[0], [], [], [], []]",0,,2241
6935384744080.662,36890,30902,193,4.695,cpu_op,X,"[""ScalarList"", ""Scalar"", ""Scalar"", """", """", """"]",aten::empty,"[[], [], [], [], [], []]",,"[""[0]"", ""6"", ""0"", """", """", """"]","[[], [], [], [], [], []]",0,,2242
6935384744087.501,36890,30902,194,0.51,cpu_op,X,"[""float"", """", ""Scalar"", ""ScalarList"", ""ScalarList""]",aten::set_,"[[1], [], [], [], []]",,"["""", """", ""172000"", ""[10000, 1]"", ""[]""]","[[0], [], [], [], []]",0,,2243
6935384744151.701,36890,30902,195,4.647,cpu_op,X,"[""ScalarList"", ""Scalar"", ""Scalar"", """", """", """"]",aten::empty,"[[], [], [], [], [], []]",,"[""[0]"", ""6"", ""0"", """", """", """"]","[[], [], [], [], [], []]",0,,2244
6935384744158.522,36890,30902,196,0.506,cpu_op,X,"[""float"", """", ""Scalar"", ""ScalarList"", ""ScalarList""]",aten::set_,"[[1], [], [], [], []]",,"["""", """", ""182000"", ""[10000, 1]"", ""[]""]","[[0], [], [], [], []]",0,,2245
6935384744224.349,36890,30902,197,4.715,cpu_op,X,"[""ScalarList"", ""Scalar"", ""Scalar"", """", """", """"]",aten::empty,"[[], [], [], [], [], []]",,"[""[0]"", ""6"", ""0"", """", """", """"]","[[], [], [], [], [], []]",0,,2246
6935384744231.215,36890,30902,198,0.506,cpu_op,X,"[""float"", """", ""Scalar"", ""ScalarList"", ""ScalarList""]",aten::set_,"[[1], [], [], [], []]",,"["""", """", ""195600"", ""[200, 1]"", ""[]""]","[[0], [], [], [], []]",0,,2247
6935384744298.657,36890,30902,199,4.74,cpu_op,X,"[""ScalarList"", ""Scalar"", ""Scalar"", """", """", """"]",aten::empty,"[[], [], [], [], [], []]",,"[""[0]"", ""6"", ""0"", """", """", """"]","[[], [], [], [], [], []]",0,,2248
6935384744305.557,36890,30902,200,0.51,cpu_op,X,"[""float"", """", ""Scalar"", ""ScalarList"", ""ScalarList""]",aten::set_,"[[1], [], [], [], []]",,"["""", """", ""195800"", ""[200, 1]"", ""[]""]","[[0], [], [], [], []]",0,,2249
6935384744362.719,36890,30902,201,8.203,cpu_op,X,"[""float"", ""float"", """"]",aten::resize_as_,"[[1, 1], [10, 1], []]",,"["""", """", """"]","[[2000, 1], [200, 10], []]",0,,2250
6935384744367.836,36890,30902,202,2.298,cpu_op,X,"[""float"", ""ScalarList"", """"]",aten::resize_,"[[1, 1], [], []]",,"["""", ""[200, 10]"", """"]","[[2000, 1], [], []]",0,,2251
6935384744372.512,36890,30902,203,1.929,cpu_op,X,"[""float"", ""float"", """"]",aten::resize_as_,"[[1, 1], [50, 1], []]",,"["""", """", """"]","[[10000, 1], [200, 50], []]",0,,2252
6935384744373.846,36890,30902,204,0.285,cpu_op,X,"[""float"", ""ScalarList"", """"]",aten::resize_,"[[1, 1], [], []]",,"["""", ""[200, 50]"", """"]","[[10000, 1], [], []]",0,,2253
6935384744375.642,36890,30902,205,1.972,cpu_op,X,"[""float"", ""float"", """"]",aten::resize_as_,"[[1, 1], [1], []]",,"["""", """", """"]","[[200, 1], [200], []]",0,,2254
6935384744376.989,36890,30902,206,0.311,cpu_op,X,"[""float"", ""ScalarList"", """"]",aten::resize_,"[[1, 1], [], []]",,"["""", ""[200]"", """"]","[[200, 1], [], []]",0,,2255
6935384744378.791,36890,30902,207,1.756,cpu_op,X,"[""float"", ""float"", """"]",aten::resize_as_,"[[1, 1], [1], []]",,"["""", """", """"]","[[200, 1], [200], []]",0,,2256
6935384744380.038,36890,30902,208,0.197,cpu_op,X,"[""float"", ""ScalarList"", """"]",aten::resize_,"[[1, 1], [], []]",,"["""", ""[200]"", """"]","[[200, 1], [], []]",0,,2257
6935384744381.982,36890,30902,209,1.981,cpu_op,X,"[""float"", ""float"", """"]",aten::resize_as_,"[[1, 1], [50, 1], []]",,"["""", """", """"]","[[10000, 1], [200, 50], []]",0,,2258
6935384744383.414,36890,30902,210,0.242,cpu_op,X,"[""float"", ""ScalarList"", """"]",aten::resize_,"[[1, 1], [], []]",,"["""", ""[200, 50]"", """"]","[[10000, 1], [], []]",0,,2259
6935384744385.218,36890,30902,211,1.856,cpu_op,X,"[""float"", ""float"", """"]",aten::resize_as_,"[[1, 1], [50, 1], []]",,"["""", """", """"]","[[10000, 1], [200, 50], []]",0,,2260
6935384744386.518,36890,30902,212,0.254,cpu_op,X,"[""float"", ""ScalarList"", """"]",aten::resize_,"[[1, 1], [], []]",,"["""", ""[200, 50]"", """"]","[[10000, 1], [], []]",0,,2261
6935384744388.225,36890,30902,213,1.804,cpu_op,X,"[""float"", ""float"", """"]",aten::resize_as_,"[[1, 1], [1], []]",,"["""", """", """"]","[[200, 1], [200], []]",0,,2262
6935384744389.534,36890,30902,214,0.191,cpu_op,X,"[""float"", ""ScalarList"", """"]",aten::resize_,"[[1, 1], [], []]",,"["""", ""[200]"", """"]","[[200, 1], [], []]",0,,2263
6935384744391.157,36890,30902,215,1.687,cpu_op,X,"[""float"", ""float"", """"]",aten::resize_as_,"[[1, 1], [1], []]",,"["""", """", """"]","[[200, 1], [200], []]",0,,2264
6935384744392.368,36890,30902,216,0.172,cpu_op,X,"[""float"", ""ScalarList"", """"]",aten::resize_,"[[1, 1], [], []]",,"["""", ""[200]"", """"]","[[200, 1], [], []]",0,,2265
6935384744394.062,36890,30902,217,1.714,cpu_op,X,"[""float"", ""float"", """"]",aten::resize_as_,"[[1, 1], [50, 1], []]",,"["""", """", """"]","[[10000, 1], [200, 50], []]",0,,2266
6935384744395.251,36890,30902,218,0.225,cpu_op,X,"[""float"", ""ScalarList"", """"]",aten::resize_,"[[1, 1], [], []]",,"["""", ""[200, 50]"", """"]","[[10000, 1], [], []]",0,,2267
6935384744396.917,36890,30902,219,1.692,cpu_op,X,"[""float"", ""float"", """"]",aten::resize_as_,"[[1, 1], [50, 1], []]",,"["""", """", """"]","[[10000, 1], [200, 50], []]",0,,2268
6935384744398.085,36890,30902,220,0.218,cpu_op,X,"[""float"", ""ScalarList"", """"]",aten::resize_,"[[1, 1], [], []]",,"["""", ""[200, 50]"", """"]","[[10000, 1], [], []]",0,,2269
6935384744399.751,36890,30902,221,1.703,cpu_op,X,"[""float"", ""float"", """"]",aten::resize_as_,"[[1, 1], [1], []]",,"["""", """", """"]","[[200, 1], [200], []]",0,,2270
6935384744400.98,36890,30902,222,0.17,cpu_op,X,"[""float"", ""ScalarList"", """"]",aten::resize_,"[[1, 1], [], []]",,"["""", ""[200]"", """"]","[[200, 1], [], []]",0,,2271
6935384744402.577,36890,30902,223,1.67,cpu_op,X,"[""float"", ""float"", """"]",aten::resize_as_,"[[1, 1], [1], []]",,"["""", """", """"]","[[200, 1], [200], []]",0,,2272
6935384744403.766,36890,30902,224,0.172,cpu_op,X,"[""float"", ""ScalarList"", """"]",aten::resize_,"[[1, 1], [], []]",,"["""", ""[200]"", """"]","[[200, 1], [], []]",0,,2273
6935384744405.434,36890,30902,225,1.704,cpu_op,X,"[""float"", ""float"", """"]",aten::resize_as_,"[[1, 1], [50, 1], []]",,"["""", """", """"]","[[10000, 1], [200, 50], []]",0,,2274
6935384744406.614,36890,30902,226,0.224,cpu_op,X,"[""float"", ""ScalarList"", """"]",aten::resize_,"[[1, 1], [], []]",,"["""", ""[200, 50]"", """"]","[[10000, 1], [], []]",0,,2275
6935384744408.287,36890,30902,227,1.69,cpu_op,X,"[""float"", ""float"", """"]",aten::resize_as_,"[[1, 1], [50, 1], []]",,"["""", """", """"]","[[10000, 1], [200, 50], []]",0,,2276
6935384744409.453,36890,30902,228,0.219,cpu_op,X,"[""float"", ""ScalarList"", """"]",aten::resize_,"[[1, 1], [], []]",,"["""", ""[200, 50]"", """"]","[[10000, 1], [], []]",0,,2277
6935384744411.123,36890,30902,229,1.71,cpu_op,X,"[""float"", ""float"", """"]",aten::resize_as_,"[[1, 1], [1], []]",,"["""", """", """"]","[[200, 1], [200], []]",0,,2278
6935384744412.36,36890,30902,230,0.169,cpu_op,X,"[""float"", ""ScalarList"", """"]",aten::resize_,"[[1, 1], [], []]",,"["""", ""[200]"", """"]","[[200, 1], [], []]",0,,2279
6935384744413.957,36890,30902,231,1.666,cpu_op,X,"[""float"", ""float"", """"]",aten::resize_as_,"[[1, 1], [1], []]",,"["""", """", """"]","[[200, 1], [200], []]",0,,2280
6935384744415.153,36890,30902,232,0.167,cpu_op,X,"[""float"", ""ScalarList"", """"]",aten::resize_,"[[1, 1], [], []]",,"["""", ""[200]"", """"]","[[200, 1], [], []]",0,,2281
6935384744416.808,36890,30902,233,1.7,cpu_op,X,"[""float"", ""float"", """"]",aten::resize_as_,"[[1, 1], [50, 1], []]",,"["""", """", """"]","[[10000, 1], [200, 50], []]",0,,2282
6935384744417.983,36890,30902,234,0.226,cpu_op,X,"[""float"", ""ScalarList"", """"]",aten::resize_,"[[1, 1], [], []]",,"["""", ""[200, 50]"", """"]","[[10000, 1], [], []]",0,,2283
6935384744419.652,36890,30902,235,1.694,cpu_op,X,"[""float"", ""float"", """"]",aten::resize_as_,"[[1, 1], [50, 1], []]",,"["""", """", """"]","[[10000, 1], [200, 50], []]",0,,2284
6935384744420.818,36890,30902,236,0.22,cpu_op,X,"[""float"", ""ScalarList"", """"]",aten::resize_,"[[1, 1], [], []]",,"["""", ""[200, 50]"", """"]","[[10000, 1], [], []]",0,,2285
6935384744422.484,36890,30902,237,1.706,cpu_op,X,"[""float"", ""float"", """"]",aten::resize_as_,"[[1, 1], [1], []]",,"["""", """", """"]","[[200, 1], [200], []]",0,,2286
6935384744423.707,36890,30902,238,0.175,cpu_op,X,"[""float"", ""ScalarList"", """"]",aten::resize_,"[[1, 1], [], []]",,"["""", ""[200]"", """"]","[[200, 1], [], []]",0,,2287
6935384744425.313,36890,30902,239,1.669,cpu_op,X,"[""float"", ""float"", """"]",aten::resize_as_,"[[1, 1], [1], []]",,"["""", """", """"]","[[200, 1], [200], []]",0,,2288
6935384744426.503,36890,30902,240,0.176,cpu_op,X,"[""float"", ""ScalarList"", """"]",aten::resize_,"[[1, 1], [], []]",,"["""", ""[200]"", """"]","[[200, 1], [], []]",0,,2289
6935384744428.159,36890,30902,241,1.701,cpu_op,X,"[""float"", ""float"", """"]",aten::resize_as_,"[[1, 1], [50, 1], []]",,"["""", """", """"]","[[10000, 1], [200, 50], []]",0,,2290
6935384744429.335,36890,30902,242,0.225,cpu_op,X,"[""float"", ""ScalarList"", """"]",aten::resize_,"[[1, 1], [], []]",,"["""", ""[200, 50]"", """"]","[[10000, 1], [], []]",0,,2291
6935384744431.005,36890,30902,243,1.694,cpu_op,X,"[""float"", ""float"", """"]",aten::resize_as_,"[[1, 1], [50, 1], []]",,"["""", """", """"]","[[10000, 1], [200, 50], []]",0,,2292
6935384744432.173,36890,30902,244,0.219,cpu_op,X,"[""float"", ""ScalarList"", """"]",aten::resize_,"[[1, 1], [], []]",,"["""", ""[200, 50]"", """"]","[[10000, 1], [], []]",0,,2293
6935384744433.841,36890,30902,245,1.686,cpu_op,X,"[""float"", ""float"", """"]",aten::resize_as_,"[[1, 1], [1], []]",,"["""", """", """"]","[[200, 1], [200], []]",0,,2294
6935384744435.054,36890,30902,246,0.168,cpu_op,X,"[""float"", ""ScalarList"", """"]",aten::resize_,"[[1, 1], [], []]",,"["""", ""[200]"", """"]","[[200, 1], [], []]",0,,2295
6935384744436.653,36890,30902,247,1.719,cpu_op,X,"[""float"", ""float"", """"]",aten::resize_as_,"[[1, 1], [1], []]",,"["""", """", """"]","[[200, 1], [200], []]",0,,2296
6935384744437.892,36890,30902,248,0.177,cpu_op,X,"[""float"", ""ScalarList"", """"]",aten::resize_,"[[1, 1], [], []]",,"["""", ""[200]"", """"]","[[200, 1], [], []]",0,,2297
6935384744439.576,36890,30902,249,1.769,cpu_op,X,"[""float"", ""float"", """"]",aten::resize_as_,"[[1, 1], [50, 1], []]",,"["""", """", """"]","[[10000, 1], [200, 50], []]",0,,2298
6935384744440.819,36890,30902,250,0.226,cpu_op,X,"[""float"", ""ScalarList"", """"]",aten::resize_,"[[1, 1], [], []]",,"["""", ""[200, 50]"", """"]","[[10000, 1], [], []]",0,,2299
6935384744442.491,36890,30902,251,1.693,cpu_op,X,"[""float"", ""float"", """"]",aten::resize_as_,"[[1, 1], [50, 1], []]",,"["""", """", """"]","[[10000, 1], [200, 50], []]",0,,2300
6935384744443.66,36890,30902,252,0.22,cpu_op,X,"[""float"", ""ScalarList"", """"]",aten::resize_,"[[1, 1], [], []]",,"["""", ""[200, 50]"", """"]","[[10000, 1], [], []]",0,,2301
6935384744445.376,36890,30902,253,1.721,cpu_op,X,"[""float"", ""float"", """"]",aten::resize_as_,"[[1, 1], [1], []]",,"["""", """", """"]","[[200, 1], [200], []]",0,,2302
6935384744446.615,36890,30902,254,0.178,cpu_op,X,"[""float"", ""ScalarList"", """"]",aten::resize_,"[[1, 1], [], []]",,"["""", ""[200]"", """"]","[[200, 1], [], []]",0,,2303
6935384744448.252,36890,30902,255,1.706,cpu_op,X,"[""float"", ""float"", """"]",aten::resize_as_,"[[1, 1], [1], []]",,"["""", """", """"]","[[200, 1], [200], []]",0,,2304
6935384744449.476,36890,30902,256,0.178,cpu_op,X,"[""float"", ""ScalarList"", """"]",aten::resize_,"[[1, 1], [], []]",,"["""", ""[200]"", """"]","[[200, 1], [], []]",0,,2305
6935384744452.134,36890,30902,257,2.005,cpu_op,X,"[""float"", ""float"", """"]",aten::resize_as_,"[[1, 1], [50, 1], []]",,"["""", """", """"]","[[10000, 1], [200, 50], []]",0,,2306
6935384744453.596,36890,30902,258,0.232,cpu_op,X,"[""float"", ""ScalarList"", """"]",aten::resize_,"[[1, 1], [], []]",,"["""", ""[200, 50]"", """"]","[[10000, 1], [], []]",0,,2307
6935384744455.321,36890,30902,259,1.739,cpu_op,X,"[""float"", ""float"", """"]",aten::resize_as_,"[[1, 1], [50, 1], []]",,"["""", """", """"]","[[10000, 1], [200, 50], []]",0,,2308
6935384744456.536,36890,30902,260,0.219,cpu_op,X,"[""float"", ""ScalarList"", """"]",aten::resize_,"[[1, 1], [], []]",,"["""", ""[200, 50]"", """"]","[[10000, 1], [], []]",0,,2309
6935384744458.298,36890,30902,261,1.707,cpu_op,X,"[""float"", ""float"", """"]",aten::resize_as_,"[[1, 1], [1], []]",,"["""", """", """"]","[[200, 1], [200], []]",0,,2310
6935384744459.528,36890,30902,262,0.168,cpu_op,X,"[""float"", ""ScalarList"", """"]",aten::resize_,"[[1, 1], [], []]",,"["""", ""[200]"", """"]","[[200, 1], [], []]",0,,2311
6935384744461.164,36890,30902,263,1.669,cpu_op,X,"[""float"", ""float"", """"]",aten::resize_as_,"[[1, 1], [1], []]",,"["""", """", """"]","[[200, 1], [200], []]",0,,2312
6935384744462.362,36890,30902,264,0.167,cpu_op,X,"[""float"", ""ScalarList"", """"]",aten::resize_,"[[1, 1], [], []]",,"["""", ""[200]"", """"]","[[200, 1], [], []]",0,,2313
6935384744464.142,36890,30902,265,1.751,cpu_op,X,"[""float"", ""float"", """"]",aten::resize_as_,"[[1, 1], [50, 1], []]",,"["""", """", """"]","[[10000, 1], [200, 50], []]",0,,2314
6935384744465.372,36890,30902,266,0.224,cpu_op,X,"[""float"", ""ScalarList"", """"]",aten::resize_,"[[1, 1], [], []]",,"["""", ""[200, 50]"", """"]","[[10000, 1], [], []]",0,,2315
6935384744467.048,36890,30902,267,1.696,cpu_op,X,"[""float"", ""float"", """"]",aten::resize_as_,"[[1, 1], [50, 1], []]",,"["""", """", """"]","[[10000, 1], [200, 50], []]",0,,2316
6935384744468.217,36890,30902,268,0.219,cpu_op,X,"[""float"", ""ScalarList"", """"]",aten::resize_,"[[1, 1], [], []]",,"["""", ""[200, 50]"", """"]","[[10000, 1], [], []]",0,,2317
6935384744469.903,36890,30902,269,1.681,cpu_op,X,"[""float"", ""float"", """"]",aten::resize_as_,"[[1, 1], [1], []]",,"["""", """", """"]","[[200, 1], [200], []]",0,,2318
6935384744471.11,36890,30902,270,0.168,cpu_op,X,"[""float"", ""ScalarList"", """"]",aten::resize_,"[[1, 1], [], []]",,"["""", ""[200]"", """"]","[[200, 1], [], []]",0,,2319
6935384744472.729,36890,30902,271,1.668,cpu_op,X,"[""float"", ""float"", """"]",aten::resize_as_,"[[1, 1], [1], []]",,"["""", """", """"]","[[200, 1], [200], []]",0,,2320
6935384744473.929,36890,30902,272,0.164,cpu_op,X,"[""float"", ""ScalarList"", """"]",aten::resize_,"[[1, 1], [], []]",,"["""", ""[200]"", """"]","[[200, 1], [], []]",0,,2321
6935384744475.588,36890,30902,273,1.703,cpu_op,X,"[""float"", ""float"", """"]",aten::resize_as_,"[[1, 1], [50, 1], []]",,"["""", """", """"]","[[10000, 1], [200, 50], []]",0,,2322
6935384744476.769,36890,30902,274,0.223,cpu_op,X,"[""float"", ""ScalarList"", """"]",aten::resize_,"[[1, 1], [], []]",,"["""", ""[200, 50]"", """"]","[[10000, 1], [], []]",0,,2323
6935384744478.427,36890,30902,275,1.707,cpu_op,X,"[""float"", ""float"", """"]",aten::resize_as_,"[[1, 1], [50, 1], []]",,"["""", """", """"]","[[10000, 1], [200, 50], []]",0,,2324
6935384744479.612,36890,30902,276,0.218,cpu_op,X,"[""float"", ""ScalarList"", """"]",aten::resize_,"[[1, 1], [], []]",,"["""", ""[200, 50]"", """"]","[[10000, 1], [], []]",0,,2325
6935384744481.297,36890,30902,277,1.729,cpu_op,X,"[""float"", ""float"", """"]",aten::resize_as_,"[[1, 1], [1], []]",,"["""", """", """"]","[[200, 1], [200], []]",0,,2326
6935384744482.544,36890,30902,278,0.177,cpu_op,X,"[""float"", ""ScalarList"", """"]",aten::resize_,"[[1, 1], [], []]",,"["""", ""[200]"", """"]","[[200, 1], [], []]",0,,2327
6935384744484.187,36890,30902,279,1.702,cpu_op,X,"[""float"", ""float"", """"]",aten::resize_as_,"[[1, 1], [1], []]",,"["""", """", """"]","[[200, 1], [200], []]",0,,2328
6935384744485.408,36890,30902,280,0.178,cpu_op,X,"[""float"", ""ScalarList"", """"]",aten::resize_,"[[1, 1], [], []]",,"["""", ""[200]"", """"]","[[200, 1], [], []]",0,,2329
6935384744576.201,36890,30902,281,18.804,cpu_op,X,,autograd::engine::evaluate_function: torch::autograd::AccumulateGrad,,,,,0,,2330
6935384744580.991,36890,30902,282,11.36,cpu_op,X,"[""float""]",torch::autograd::AccumulateGrad,"[[10, 1]]",,"[""""]","[[200, 10]]",0,,2331
6935384744585.832,36890,30902,283,5.853,cpu_op,X,"[""float""]",aten::detach,"[[10, 1]]",,"[""""]","[[200, 10]]",0,,2332
6935384744587.728,36890,30902,284,3.582,cpu_op,X,"[""float""]",detach,"[[10, 1]]",,"[""""]","[[200, 10]]",0,,2333
6935384744603.167,36890,30902,285,10.298,cpu_op,X,,autograd::engine::evaluate_function: torch::autograd::AccumulateGrad,,,,,0,,2334
6935384744606.354,36890,30902,286,4.917,cpu_op,X,"[""float""]",torch::autograd::AccumulateGrad,[[1]],,"[""""]",[[200]],0,,2335
6935384744607.979,36890,30902,287,2.894,cpu_op,X,"[""float""]",aten::detach,[[1]],,"[""""]",[[200]],0,,2336
6935384744609.327,36890,30902,288,1.214,cpu_op,X,"[""float""]",detach,[[1]],,"[""""]",[[200]],0,,2337
6935384744621.384,36890,30902,289,9.821,cpu_op,X,,autograd::engine::evaluate_function: torch::autograd::AccumulateGrad,,,,,0,,2338
6935384744624.663,36890,30902,290,4.471,cpu_op,X,"[""float""]",torch::autograd::AccumulateGrad,[[1]],,"[""""]",[[200]],0,,2339
6935384744626.142,36890,30902,291,2.58,cpu_op,X,"[""float""]",aten::detach,[[1]],,"[""""]",[[200]],0,,2340
6935384744627.202,36890,30902,292,1.181,cpu_op,X,"[""float""]",detach,[[1]],,"[""""]",[[200]],0,,2341
6935384744639.297,36890,30902,293,9.732,cpu_op,X,,autograd::engine::evaluate_function: torch::autograd::AccumulateGrad,,,,,0,,2342
6935384744642.501,36890,30902,294,4.466,cpu_op,X,"[""float""]",torch::autograd::AccumulateGrad,[[1]],,"[""""]",[[200]],0,,2343
6935384744643.937,36890,30902,295,2.633,cpu_op,X,"[""float""]",aten::detach,[[1]],,"[""""]",[[200]],0,,2344
6935384744645.043,36890,30902,296,1.176,cpu_op,X,"[""float""]",detach,[[1]],,"[""""]",[[200]],0,,2345
6935384744656.988,36890,30902,297,10.167,cpu_op,X,,autograd::engine::evaluate_function: torch::autograd::AccumulateGrad,,,,,0,,2346
6935384744660.486,36890,30902,298,4.594,cpu_op,X,"[""float""]",torch::autograd::AccumulateGrad,[[1]],,"[""""]",[[200]],0,,2347
6935384744661.907,36890,30902,299,2.748,cpu_op,X,"[""float""]",aten::detach,[[1]],,"[""""]",[[200]],0,,2348
6935384744663.027,36890,30902,300,1.287,cpu_op,X,"[""float""]",detach,[[1]],,"[""""]",[[200]],0,,2349
6935384744675.004,36890,30902,301,9.846,cpu_op,X,,autograd::engine::evaluate_function: torch::autograd::AccumulateGrad,,,,,0,,2350
6935384744678.2,36890,30902,302,4.58,cpu_op,X,"[""float""]",torch::autograd::AccumulateGrad,[[1]],,"[""""]",[[200]],0,,2351
6935384744679.64,36890,30902,303,2.706,cpu_op,X,"[""float""]",aten::detach,[[1]],,"[""""]",[[200]],0,,2352
6935384744680.771,36890,30902,304,1.228,cpu_op,X,"[""float""]",detach,[[1]],,"[""""]",[[200]],0,,2353
6935384744693.265,36890,30902,305,9.837,cpu_op,X,,autograd::engine::evaluate_function: torch::autograd::AccumulateGrad,,,,,0,,2354
6935384744696.514,36890,30902,306,4.506,cpu_op,X,"[""float""]",torch::autograd::AccumulateGrad,[[1]],,"[""""]",[[200]],0,,2355
6935384744697.958,36890,30902,307,2.635,cpu_op,X,"[""float""]",aten::detach,[[1]],,"[""""]",[[200]],0,,2356
6935384744698.978,36890,30902,308,1.263,cpu_op,X,"[""float""]",detach,[[1]],,"[""""]",[[200]],0,,2357
6935384744711.024,36890,30902,309,9.98,cpu_op,X,,autograd::engine::evaluate_function: torch::autograd::AccumulateGrad,,,,,0,,2358
6935384744714.251,36890,30902,310,4.668,cpu_op,X,"[""float""]",torch::autograd::AccumulateGrad,"[[50, 1]]",,"[""""]","[[200, 50]]",0,,2359
6935384744715.746,36890,30902,311,2.739,cpu_op,X,"[""float""]",aten::detach,"[[50, 1]]",,"[""""]","[[200, 50]]",0,,2360
6935384744716.823,36890,30902,312,1.314,cpu_op,X,"[""float""]",detach,"[[50, 1]]",,"[""""]","[[200, 50]]",0,,2361
6935384744729.003,36890,30902,313,9.803,cpu_op,X,,autograd::engine::evaluate_function: torch::autograd::AccumulateGrad,,,,,0,,2362
6935384744732.209,36890,30902,314,4.524,cpu_op,X,"[""float""]",torch::autograd::AccumulateGrad,"[[50, 1]]",,"[""""]","[[200, 50]]",0,,2363
6935384744733.7,36890,30902,315,2.604,cpu_op,X,"[""float""]",aten::detach,"[[50, 1]]",,"[""""]","[[200, 50]]",0,,2364
6935384744734.699,36890,30902,316,1.226,cpu_op,X,"[""float""]",detach,"[[50, 1]]",,"[""""]","[[200, 50]]",0,,2365
6935384744746.653,36890,30902,317,9.667,cpu_op,X,,autograd::engine::evaluate_function: torch::autograd::AccumulateGrad,,,,,0,,2366
6935384744749.824,36890,30902,318,4.421,cpu_op,X,"[""float""]",torch::autograd::AccumulateGrad,[[1]],,"[""""]",[[200]],0,,2367
6935384744751.274,36890,30902,319,2.551,cpu_op,X,"[""float""]",aten::detach,[[1]],,"[""""]",[[200]],0,,2368
6935384744752.273,36890,30902,320,1.213,cpu_op,X,"[""float""]",detach,[[1]],,"[""""]",[[200]],0,,2369
6935384744764.037,36890,30902,321,9.871,cpu_op,X,,autograd::engine::evaluate_function: torch::autograd::AccumulateGrad,,,,,0,,2370
6935384744767.187,36890,30902,322,4.676,cpu_op,X,"[""float""]",torch::autograd::AccumulateGrad,[[1]],,"[""""]",[[200]],0,,2371
6935384744768.638,36890,30902,323,2.79,cpu_op,X,"[""float""]",aten::detach,[[1]],,"[""""]",[[200]],0,,2372
6935384744769.613,36890,30902,324,1.467,cpu_op,X,"[""float""]",detach,[[1]],,"[""""]",[[200]],0,,2373
6935384744781.765,36890,30902,325,9.849,cpu_op,X,,autograd::engine::evaluate_function: torch::autograd::AccumulateGrad,,,,,0,,2374
6935384744784.997,36890,30902,326,4.564,cpu_op,X,"[""float""]",torch::autograd::AccumulateGrad,"[[50, 1]]",,"[""""]","[[200, 50]]",0,,2375
6935384744786.491,36890,30902,327,2.648,cpu_op,X,"[""float""]",aten::detach,"[[50, 1]]",,"[""""]","[[200, 50]]",0,,2376
6935384744787.537,36890,30902,328,1.255,cpu_op,X,"[""float""]",detach,"[[50, 1]]",,"[""""]","[[200, 50]]",0,,2377
6935384744799.39,36890,30902,329,9.776,cpu_op,X,,autograd::engine::evaluate_function: torch::autograd::AccumulateGrad,,,,,0,,2378
6935384744802.594,36890,30902,330,4.497,cpu_op,X,"[""float""]",torch::autograd::AccumulateGrad,"[[50, 1]]",,"[""""]","[[200, 50]]",0,,2379
6935384744804.062,36890,30902,331,2.555,cpu_op,X,"[""float""]",aten::detach,"[[50, 1]]",,"[""""]","[[200, 50]]",0,,2380
6935384744805.048,36890,30902,332,1.221,cpu_op,X,"[""float""]",detach,"[[50, 1]]",,"[""""]","[[200, 50]]",0,,2381
6935384744817.063,36890,30902,333,9.753,cpu_op,X,,autograd::engine::evaluate_function: torch::autograd::AccumulateGrad,,,,,0,,2382
6935384744820.273,36890,30902,334,4.501,cpu_op,X,"[""float""]",torch::autograd::AccumulateGrad,"[[50, 1]]",,"[""""]","[[200, 50]]",0,,2383
6935384744821.76,36890,30902,335,2.583,cpu_op,X,"[""float""]",aten::detach,"[[50, 1]]",,"[""""]","[[200, 50]]",0,,2384
6935384744822.751,36890,30902,336,1.242,cpu_op,X,"[""float""]",detach,"[[50, 1]]",,"[""""]","[[200, 50]]",0,,2385
6935384744834.667,36890,30902,337,9.778,cpu_op,X,,autograd::engine::evaluate_function: torch::autograd::AccumulateGrad,,,,,0,,2386
6935384744837.902,36890,30902,338,4.454,cpu_op,X,"[""float""]",torch::autograd::AccumulateGrad,[[1]],,"[""""]",[[200]],0,,2387
6935384744839.373,36890,30902,339,2.548,cpu_op,X,"[""float""]",aten::detach,[[1]],,"[""""]",[[200]],0,,2388
6935384744840.354,36890,30902,340,1.218,cpu_op,X,"[""float""]",detach,[[1]],,"[""""]",[[200]],0,,2389
6935384744852.236,36890,30902,341,9.741,cpu_op,X,,autograd::engine::evaluate_function: torch::autograd::AccumulateGrad,,,,,0,,2390
6935384744855.439,36890,30902,342,4.448,cpu_op,X,"[""float""]",torch::autograd::AccumulateGrad,"[[50, 1]]",,"[""""]","[[200, 50]]",0,,2391
6935384744856.919,36890,30902,343,2.544,cpu_op,X,"[""float""]",aten::detach,"[[50, 1]]",,"[""""]","[[200, 50]]",0,,2392
6935384744857.917,36890,30902,344,1.217,cpu_op,X,"[""float""]",detach,"[[50, 1]]",,"[""""]","[[200, 50]]",0,,2393
6935384744869.826,36890,30902,345,9.783,cpu_op,X,,autograd::engine::evaluate_function: torch::autograd::AccumulateGrad,,,,,0,,2394
6935384744873.073,36890,30902,346,4.45,cpu_op,X,"[""float""]",torch::autograd::AccumulateGrad,[[1]],,"[""""]",[[200]],0,,2395
6935384744874.554,36890,30902,347,2.533,cpu_op,X,"[""float""]",aten::detach,[[1]],,"[""""]",[[200]],0,,2396
6935384744875.538,36890,30902,348,1.22,cpu_op,X,"[""float""]",detach,[[1]],,"[""""]",[[200]],0,,2397
6935384744887.437,36890,30902,349,9.662,cpu_op,X,,autograd::engine::evaluate_function: torch::autograd::AccumulateGrad,,,,,0,,2398
6935384744890.613,36890,30902,350,4.391,cpu_op,X,"[""float""]",torch::autograd::AccumulateGrad,[[1]],,"[""""]",[[200]],0,,2399
6935384744892.06,36890,30902,351,2.517,cpu_op,X,"[""float""]",aten::detach,[[1]],,"[""""]",[[200]],0,,2400
6935384744893.04,36890,30902,352,1.204,cpu_op,X,"[""float""]",detach,[[1]],,"[""""]",[[200]],0,,2401
6935384744905.088,36890,30902,353,14.731,cpu_op,X,,autograd::engine::evaluate_function: torch::autograd::AccumulateGrad,,,,,0,,2402
6935384744909.489,36890,30902,354,7.065,cpu_op,X,"[""float""]",torch::autograd::AccumulateGrad,"[[50, 1]]",,"[""""]","[[200, 50]]",0,,2403
6935384744911.766,36890,30902,355,4.146,cpu_op,X,"[""float""]",aten::detach,"[[50, 1]]",,"[""""]","[[200, 50]]",0,,2404
6935384744913.623,36890,30902,356,1.762,cpu_op,X,"[""float""]",detach,"[[50, 1]]",,"[""""]","[[200, 50]]",0,,2405
6935384744932.366,36890,30902,357,14.302,cpu_op,X,,autograd::engine::evaluate_function: torch::autograd::AccumulateGrad,,,,,0,,2406
6935384744936.924,36890,30902,358,6.776,cpu_op,X,"[""float""]",torch::autograd::AccumulateGrad,"[[50, 1]]",,"[""""]","[[200, 50]]",0,,2407
6935384744939.251,36890,30902,359,3.837,cpu_op,X,"[""float""]",aten::detach,"[[50, 1]]",,"[""""]","[[200, 50]]",0,,2408
6935384744940.923,36890,30902,360,1.66,cpu_op,X,"[""float""]",detach,"[[50, 1]]",,"[""""]","[[200, 50]]",0,,2409
6935384744957.63,36890,30902,361,13.351,cpu_op,X,,autograd::engine::evaluate_function: torch::autograd::AccumulateGrad,,,,,0,,2410
6935384744961.683,36890,30902,362,6.451,cpu_op,X,"[""float""]",torch::autograd::AccumulateGrad,[[1]],,"[""""]",[[200]],0,,2411
6935384744963.787,36890,30902,363,3.733,cpu_op,X,"[""float""]",aten::detach,[[1]],,"[""""]",[[200]],0,,2412
6935384744965.433,36890,30902,364,1.593,cpu_op,X,"[""float""]",detach,[[1]],,"[""""]",[[200]],0,,2413
6935384744981.644,36890,30902,365,13.275,cpu_op,X,,autograd::engine::evaluate_function: torch::autograd::AccumulateGrad,,,,,0,,2414
6935384744985.719,36890,30902,366,6.387,cpu_op,X,"[""float""]",torch::autograd::AccumulateGrad,[[1]],,"[""""]",[[200]],0,,2415
6935384744987.794,36890,30902,367,3.708,cpu_op,X,"[""float""]",aten::detach,[[1]],,"[""""]",[[200]],0,,2416
6935384744989.455,36890,30902,368,1.549,cpu_op,X,"[""float""]",detach,[[1]],,"[""""]",[[200]],0,,2417
6935384745005.738,36890,30902,369,13.576,cpu_op,X,,autograd::engine::evaluate_function: torch::autograd::AccumulateGrad,,,,,0,,2418
6935384745009.81,36890,30902,370,6.524,cpu_op,X,"[""float""]",torch::autograd::AccumulateGrad,"[[50, 1]]",,"[""""]","[[200, 50]]",0,,2419
6935384745011.97,36890,30902,371,3.753,cpu_op,X,"[""float""]",aten::detach,"[[50, 1]]",,"[""""]","[[200, 50]]",0,,2420
6935384745013.647,36890,30902,372,1.58,cpu_op,X,"[""float""]",detach,"[[50, 1]]",,"[""""]","[[200, 50]]",0,,2421
6935384745030.923,36890,30902,373,13.312,cpu_op,X,,autograd::engine::evaluate_function: torch::autograd::AccumulateGrad,,,,,0,,2422
6935384745034.943,36890,30902,374,6.483,cpu_op,X,"[""float""]",torch::autograd::AccumulateGrad,"[[50, 1]]",,"[""""]","[[200, 50]]",0,,2423
6935384745037.046,36890,30902,375,3.74,cpu_op,X,"[""float""]",aten::detach,"[[50, 1]]",,"[""""]","[[200, 50]]",0,,2424
6935384745038.702,36890,30902,376,1.595,cpu_op,X,"[""float""]",detach,"[[50, 1]]",,"[""""]","[[200, 50]]",0,,2425
6935384745054.905,36890,30902,377,13.458,cpu_op,X,,autograd::engine::evaluate_function: torch::autograd::AccumulateGrad,,,,,0,,2426
6935384745059.029,36890,30902,378,6.528,cpu_op,X,"[""float""]",torch::autograd::AccumulateGrad,[[1]],,"[""""]",[[200]],0,,2427
6935384745061.143,36890,30902,379,3.781,cpu_op,X,"[""float""]",aten::detach,[[1]],,"[""""]",[[200]],0,,2428
6935384745062.804,36890,30902,380,1.618,cpu_op,X,"[""float""]",detach,[[1]],,"[""""]",[[200]],0,,2429
6935384745078.992,36890,30902,381,13.524,cpu_op,X,,autograd::engine::evaluate_function: torch::autograd::AccumulateGrad,,,,,0,,2430
6935384745083.064,36890,30902,382,6.504,cpu_op,X,"[""float""]",torch::autograd::AccumulateGrad,[[1]],,"[""""]",[[200]],0,,2431
6935384745085.149,36890,30902,383,3.808,cpu_op,X,"[""float""]",aten::detach,[[1]],,"[""""]",[[200]],0,,2432
6935384745086.799,36890,30902,384,1.657,cpu_op,X,"[""float""]",detach,[[1]],,"[""""]",[[200]],0,,2433
6935384745103.19,36890,30902,385,14.416,cpu_op,X,,autograd::engine::evaluate_function: torch::autograd::AccumulateGrad,,,,,0,,2434
6935384745108.322,36890,30902,386,6.462,cpu_op,X,"[""float""]",torch::autograd::AccumulateGrad,"[[50, 1]]",,"[""""]","[[200, 50]]",0,,2435
6935384745110.428,36890,30902,387,3.718,cpu_op,X,"[""float""]",aten::detach,"[[50, 1]]",,"[""""]","[[200, 50]]",0,,2436
6935384745112.104,36890,30902,388,1.543,cpu_op,X,"[""float""]",detach,"[[50, 1]]",,"[""""]","[[200, 50]]",0,,2437
6935384745128.243,36890,30902,389,13.51,cpu_op,X,,autograd::engine::evaluate_function: torch::autograd::AccumulateGrad,,,,,0,,2438
6935384745132.289,36890,30902,390,6.498,cpu_op,X,"[""float""]",torch::autograd::AccumulateGrad,"[[50, 1]]",,"[""""]","[[200, 50]]",0,,2439
6935384745134.424,36890,30902,391,3.756,cpu_op,X,"[""float""]",aten::detach,"[[50, 1]]",,"[""""]","[[200, 50]]",0,,2440
6935384745136.094,36890,30902,392,1.584,cpu_op,X,"[""float""]",detach,"[[50, 1]]",,"[""""]","[[200, 50]]",0,,2441
6935384745152.483,36890,30902,393,13.432,cpu_op,X,,autograd::engine::evaluate_function: torch::autograd::AccumulateGrad,,,,,0,,2442
6935384745156.545,36890,30902,394,6.451,cpu_op,X,"[""float""]",torch::autograd::AccumulateGrad,"[[50, 1]]",,"[""""]","[[200, 50]]",0,,2443
6935384745158.652,36890,30902,395,3.737,cpu_op,X,"[""float""]",aten::detach,"[[50, 1]]",,"[""""]","[[200, 50]]",0,,2444
6935384745160.305,36890,30902,396,1.587,cpu_op,X,"[""float""]",detach,"[[50, 1]]",,"[""""]","[[200, 50]]",0,,2445
6935384745176.378,36890,30902,397,13.877,cpu_op,X,,autograd::engine::evaluate_function: torch::autograd::AccumulateGrad,,,,,0,,2446
6935384745180.511,36890,30902,398,6.642,cpu_op,X,"[""float""]",torch::autograd::AccumulateGrad,[[1]],,"[""""]",[[200]],0,,2447
6935384745182.719,36890,30902,399,3.758,cpu_op,X,"[""float""]",aten::detach,[[1]],,"[""""]",[[200]],0,,2448
6935384745184.396,36890,30902,400,1.582,cpu_op,X,"[""float""]",detach,[[1]],,"[""""]",[[200]],0,,2449
6935384745200.796,36890,30902,401,13.307,cpu_op,X,,autograd::engine::evaluate_function: torch::autograd::AccumulateGrad,,,,,0,,2450
6935384745204.872,36890,30902,402,6.452,cpu_op,X,"[""float""]",torch::autograd::AccumulateGrad,"[[50, 1]]",,"[""""]","[[200, 50]]",0,,2451
6935384745206.996,36890,30902,403,3.708,cpu_op,X,"[""float""]",aten::detach,"[[50, 1]]",,"[""""]","[[200, 50]]",0,,2452
6935384745208.648,36890,30902,404,1.564,cpu_op,X,"[""float""]",detach,"[[50, 1]]",,"[""""]","[[200, 50]]",0,,2453
6935384745226.047,36890,30902,405,13.552,cpu_op,X,,autograd::engine::evaluate_function: torch::autograd::AccumulateGrad,,,,,0,,2454
6935384745230.128,36890,30902,406,6.522,cpu_op,X,"[""float""]",torch::autograd::AccumulateGrad,[[1]],,"[""""]",[[200]],0,,2455
6935384745232.22,36890,30902,407,3.819,cpu_op,X,"[""float""]",aten::detach,[[1]],,"[""""]",[[200]],0,,2456
6935384745233.95,36890,30902,408,1.577,cpu_op,X,"[""float""]",detach,[[1]],,"[""""]",[[200]],0,,2457
6935384745250.154,36890,30902,409,14.091,cpu_op,X,,autograd::engine::evaluate_function: torch::autograd::AccumulateGrad,,,,,0,,2458
6935384745254.422,36890,30902,410,6.485,cpu_op,X,"[""float""]",torch::autograd::AccumulateGrad,[[1]],,"[""""]",[[200]],0,,2459
6935384745256.536,36890,30902,411,3.761,cpu_op,X,"[""float""]",aten::detach,[[1]],,"[""""]",[[200]],0,,2460
6935384745258.213,36890,30902,412,1.587,cpu_op,X,"[""float""]",detach,[[1]],,"[""""]",[[200]],0,,2461
6935384745274.818,36890,30902,413,13.466,cpu_op,X,,autograd::engine::evaluate_function: torch::autograd::AccumulateGrad,,,,,0,,2462
6935384745278.905,36890,30902,414,6.516,cpu_op,X,"[""float""]",torch::autograd::AccumulateGrad,"[[50, 1]]",,"[""""]","[[200, 50]]",0,,2463
6935384745281.037,36890,30902,415,3.763,cpu_op,X,"[""float""]",aten::detach,"[[50, 1]]",,"[""""]","[[200, 50]]",0,,2464
6935384745282.705,36890,30902,416,1.609,cpu_op,X,"[""float""]",detach,"[[50, 1]]",,"[""""]","[[200, 50]]",0,,2465
6935384745298.777,36890,30902,417,13.433,cpu_op,X,,autograd::engine::evaluate_function: torch::autograd::AccumulateGrad,,,,,0,,2466
6935384745302.812,36890,30902,418,6.46,cpu_op,X,"[""float""]",torch::autograd::AccumulateGrad,"[[50, 1]]",,"[""""]","[[200, 50]]",0,,2467
6935384745304.907,36890,30902,419,3.74,cpu_op,X,"[""float""]",aten::detach,"[[50, 1]]",,"[""""]","[[200, 50]]",0,,2468
6935384745306.545,36890,30902,420,1.587,cpu_op,X,"[""float""]",detach,"[[50, 1]]",,"[""""]","[[200, 50]]",0,,2469
6935384745322.764,36890,30902,421,13.247,cpu_op,X,,autograd::engine::evaluate_function: torch::autograd::AccumulateGrad,,,,,0,,2470
6935384745326.855,36890,30902,422,6.4,cpu_op,X,"[""float""]",torch::autograd::AccumulateGrad,"[[50, 1]]",,"[""""]","[[200, 50]]",0,,2471
6935384745328.966,36890,30902,423,3.676,cpu_op,X,"[""float""]",aten::detach,"[[50, 1]]",,"[""""]","[[200, 50]]",0,,2472
6935384745330.602,36890,30902,424,1.551,cpu_op,X,"[""float""]",detach,"[[50, 1]]",,"[""""]","[[200, 50]]",0,,2473
6935384745346.505,36890,30902,425,14.956,cpu_op,X,,autograd::engine::evaluate_function: torch::autograd::AccumulateGrad,,,,,0,,2474
6935384745350.8,36890,30902,426,7.302,cpu_op,X,"[""float""]",torch::autograd::AccumulateGrad,[[1]],,"[""""]",[[200]],0,,2475
6935384745353.048,36890,30902,427,4.316,cpu_op,X,"[""float""]",aten::detach,[[1]],,"[""""]",[[200]],0,,2476
6935384745354.891,36890,30902,428,1.923,cpu_op,X,"[""float""]",detach,[[1]],,"[""""]",[[200]],0,,2477
6935384745374.756,36890,30902,429,16.715,cpu_op,X,,autograd::engine::evaluate_function: torch::autograd::AccumulateGrad,,,,,0,,2478
6935384745379.762,36890,30902,430,7.759,cpu_op,X,"[""float""]",torch::autograd::AccumulateGrad,"[[50, 1]]",,"[""""]","[[200, 50]]",0,,2479
6935384745382.366,36890,30902,431,4.539,cpu_op,X,"[""float""]",aten::detach,"[[50, 1]]",,"[""""]","[[200, 50]]",0,,2480
6935384745384.281,36890,30902,432,2.114,cpu_op,X,"[""float""]",detach,"[[50, 1]]",,"[""""]","[[200, 50]]",0,,2481
6935384745404.342,36890,30902,433,14.476,cpu_op,X,,autograd::engine::evaluate_function: torch::autograd::AccumulateGrad,,,,,0,,2482
6935384745408.795,36890,30902,434,7.991,cpu_op,X,"[""float""]",torch::autograd::AccumulateGrad,"[[50, 1]]",,"[""""]","[[200, 50]]",0,,2483
6935384745411.306,36890,30902,435,5.042,cpu_op,X,"[""float""]",aten::detach,"[[50, 1]]",,"[""""]","[[200, 50]]",0,,2484
6935384745413.033,36890,30902,436,2.914,cpu_op,X,"[""float""]",detach,"[[50, 1]]",,"[""""]","[[200, 50]]",0,,2485
6935384745426.332,36890,30902,437,9.378,cpu_op,X,,autograd::engine::evaluate_function: torch::autograd::AccumulateGrad,,,,,0,,2486
6935384745429.437,36890,30902,438,4.337,cpu_op,X,"[""float""]",torch::autograd::AccumulateGrad,[[1]],,"[""""]",[[200]],0,,2487
6935384745430.889,36890,30902,439,2.48,cpu_op,X,"[""float""]",aten::detach,[[1]],,"[""""]",[[200]],0,,2488
6935384745431.838,36890,30902,440,1.217,cpu_op,X,"[""float""]",detach,[[1]],,"[""""]",[[200]],0,,2489
6935384736410.601,30902,30902,443,589.94,cpu_op,X,"[""float"", """", """", """", ""Scalar"", ""Scalar""]",aten::ones_like,"[[], [], [], [], [], []]",,"["""", """", """", """", ""False"", ""1""]","[[], [], [], [], [], []]",0,,1539
6935384736415.287,30902,30902,444,513.875,cpu_op,X,"[""float"", """", """", """", ""Scalar"", ""Scalar""]",aten::empty_like,"[[], [], [], [], [], []]",,"["""", """", """", """", ""False"", ""1""]","[[], [], [], [], [], []]",0,,1540
6935384736424.129,30902,30902,445,501.316,cpu_op,X,"[""ScalarList"", ""ScalarList"", ""Scalar"", ""Scalar"", """", ""Scalar""]",aten::empty_strided,"[[], [], [], [], [], []]",,"[""[]"", ""[]"", ""6"", ""0"", """", ""False""]","[[], [], [], [], [], []]",0,,1541
6935384736938.068,30902,30902,446,61.371,cpu_op,X,"[""float"", ""Scalar""]",aten::fill_,"[[], []]",,"["""", ""1.""]","[[], []]",0,,1542
6935384746256.964,30902,30902,448,133129.532,cpu_op,X,"[""TensorList"", ""TensorList"", ""Scalar""]",aten::_foreach_add_,"[[], [], []]",,"["""", """", ""-0.01""]","[[], [], []]",0,,1544
6935384746315.615,30902,30902,449,2.354,cpu_op,X,"[""float"", ""Scalar""]",aten::result_type,"[[10, 1], []]",,"["""", ""-0.01""]","[[200, 10], []]",0,,1545
6935384746320.705,30902,30902,450,0.222,cpu_op,X,"[""float"", ""Scalar""]",aten::result_type,"[[50, 1], []]",,"["""", ""-0.01""]","[[200, 50], []]",0,,1546
6935384746322.633,30902,30902,451,0.218,cpu_op,X,"[""float"", ""Scalar""]",aten::result_type,"[[1], []]",,"["""", ""-0.01""]","[[200], []]",0,,1547
6935384746324.536,30902,30902,452,0.213,cpu_op,X,"[""float"", ""Scalar""]",aten::result_type,"[[1], []]",,"["""", ""-0.01""]","[[200], []]",0,,1548
6935384746326.427,30902,30902,453,0.22,cpu_op,X,"[""float"", ""Scalar""]",aten::result_type,"[[50, 1], []]",,"["""", ""-0.01""]","[[200, 50], []]",0,,1549
6935384746328.343,30902,30902,454,0.231,cpu_op,X,"[""float"", ""Scalar""]",aten::result_type,"[[50, 1], []]",,"["""", ""-0.01""]","[[200, 50], []]",0,,1550
6935384746330.245,30902,30902,455,0.215,cpu_op,X,"[""float"", ""Scalar""]",aten::result_type,"[[1], []]",,"["""", ""-0.01""]","[[200], []]",0,,1551
6935384746332.227,30902,30902,456,0.221,cpu_op,X,"[""float"", ""Scalar""]",aten::result_type,"[[1], []]",,"["""", ""-0.01""]","[[200], []]",0,,1552
6935384746334.377,30902,30902,457,0.221,cpu_op,X,"[""float"", ""Scalar""]",aten::result_type,"[[50, 1], []]",,"["""", ""-0.01""]","[[200, 50], []]",0,,1553
6935384746336.347,30902,30902,458,0.221,cpu_op,X,"[""float"", ""Scalar""]",aten::result_type,"[[50, 1], []]",,"["""", ""-0.01""]","[[200, 50], []]",0,,1554
6935384746338.29,30902,30902,459,0.226,cpu_op,X,"[""float"", ""Scalar""]",aten::result_type,"[[1], []]",,"["""", ""-0.01""]","[[200], []]",0,,1555
6935384746340.207,30902,30902,460,0.223,cpu_op,X,"[""float"", ""Scalar""]",aten::result_type,"[[1], []]",,"["""", ""-0.01""]","[[200], []]",0,,1556
6935384746342.253,30902,30902,461,0.211,cpu_op,X,"[""float"", ""Scalar""]",aten::result_type,"[[50, 1], []]",,"["""", ""-0.01""]","[[200, 50], []]",0,,1557
6935384746344.263,30902,30902,462,0.219,cpu_op,X,"[""float"", ""Scalar""]",aten::result_type,"[[50, 1], []]",,"["""", ""-0.01""]","[[200, 50], []]",0,,1558
6935384746346.206,30902,30902,463,0.205,cpu_op,X,"[""float"", ""Scalar""]",aten::result_type,"[[1], []]",,"["""", ""-0.01""]","[[200], []]",0,,1559
6935384746348.216,30902,30902,464,0.227,cpu_op,X,"[""float"", ""Scalar""]",aten::result_type,"[[1], []]",,"["""", ""-0.01""]","[[200], []]",0,,1560
6935384746350.197,30902,30902,465,0.228,cpu_op,X,"[""float"", ""Scalar""]",aten::result_type,"[[50, 1], []]",,"["""", ""-0.01""]","[[200, 50], []]",0,,1561
6935384746352.138,30902,30902,466,0.219,cpu_op,X,"[""float"", ""Scalar""]",aten::result_type,"[[50, 1], []]",,"["""", ""-0.01""]","[[200, 50], []]",0,,1562
6935384746354.152,30902,30902,467,0.216,cpu_op,X,"[""float"", ""Scalar""]",aten::result_type,"[[1], []]",,"["""", ""-0.01""]","[[200], []]",0,,1563
6935384746356.226,30902,30902,468,0.211,cpu_op,X,"[""float"", ""Scalar""]",aten::result_type,"[[1], []]",,"["""", ""-0.01""]","[[200], []]",0,,1564
6935384746358.211,30902,30902,469,0.208,cpu_op,X,"[""float"", ""Scalar""]",aten::result_type,"[[50, 1], []]",,"["""", ""-0.01""]","[[200, 50], []]",0,,1565
6935384746360.323,30902,30902,470,0.256,cpu_op,X,"[""float"", ""Scalar""]",aten::result_type,"[[50, 1], []]",,"["""", ""-0.01""]","[[200, 50], []]",0,,1566
6935384746362.377,30902,30902,471,0.217,cpu_op,X,"[""float"", ""Scalar""]",aten::result_type,"[[1], []]",,"["""", ""-0.01""]","[[200], []]",0,,1567
6935384746364.313,30902,30902,472,0.221,cpu_op,X,"[""float"", ""Scalar""]",aten::result_type,"[[1], []]",,"["""", ""-0.01""]","[[200], []]",0,,1568
6935384746366.287,30902,30902,473,0.213,cpu_op,X,"[""float"", ""Scalar""]",aten::result_type,"[[50, 1], []]",,"["""", ""-0.01""]","[[200, 50], []]",0,,1569
6935384746368.234,30902,30902,474,0.218,cpu_op,X,"[""float"", ""Scalar""]",aten::result_type,"[[50, 1], []]",,"["""", ""-0.01""]","[[200, 50], []]",0,,1570
6935384746370.192,30902,30902,475,0.217,cpu_op,X,"[""float"", ""Scalar""]",aten::result_type,"[[1], []]",,"["""", ""-0.01""]","[[200], []]",0,,1571
6935384746372.165,30902,30902,476,0.218,cpu_op,X,"[""float"", ""Scalar""]",aten::result_type,"[[1], []]",,"["""", ""-0.01""]","[[200], []]",0,,1572
6935384746374.15,30902,30902,477,0.217,cpu_op,X,"[""float"", ""Scalar""]",aten::result_type,"[[50, 1], []]",,"["""", ""-0.01""]","[[200, 50], []]",0,,1573
6935384746376.102,30902,30902,478,0.218,cpu_op,X,"[""float"", ""Scalar""]",aten::result_type,"[[50, 1], []]",,"["""", ""-0.01""]","[[200, 50], []]",0,,1574
6935384746378.074,30902,30902,479,0.217,cpu_op,X,"[""float"", ""Scalar""]",aten::result_type,"[[1], []]",,"["""", ""-0.01""]","[[200], []]",0,,1575
6935384746380.068,30902,30902,480,0.217,cpu_op,X,"[""float"", ""Scalar""]",aten::result_type,"[[1], []]",,"["""", ""-0.01""]","[[200], []]",0,,1576
6935384746382.034,30902,30902,481,0.217,cpu_op,X,"[""float"", ""Scalar""]",aten::result_type,"[[50, 1], []]",,"["""", ""-0.01""]","[[200, 50], []]",0,,1577
6935384746383.987,30902,30902,482,0.208,cpu_op,X,"[""float"", ""Scalar""]",aten::result_type,"[[50, 1], []]",,"["""", ""-0.01""]","[[200, 50], []]",0,,1578
6935384746385.961,30902,30902,483,0.213,cpu_op,X,"[""float"", ""Scalar""]",aten::result_type,"[[1], []]",,"["""", ""-0.01""]","[[200], []]",0,,1579
6935384746387.91,30902,30902,484,0.225,cpu_op,X,"[""float"", ""Scalar""]",aten::result_type,"[[1], []]",,"["""", ""-0.01""]","[[200], []]",0,,1580
6935384746389.892,30902,30902,485,0.222,cpu_op,X,"[""float"", ""Scalar""]",aten::result_type,"[[50, 1], []]",,"["""", ""-0.01""]","[[200, 50], []]",0,,1581
6935384746391.836,30902,30902,486,0.216,cpu_op,X,"[""float"", ""Scalar""]",aten::result_type,"[[50, 1], []]",,"["""", ""-0.01""]","[[200, 50], []]",0,,1582
6935384746393.806,30902,30902,487,0.223,cpu_op,X,"[""float"", ""Scalar""]",aten::result_type,"[[1], []]",,"["""", ""-0.01""]","[[200], []]",0,,1583
6935384746395.798,30902,30902,488,0.217,cpu_op,X,"[""float"", ""Scalar""]",aten::result_type,"[[1], []]",,"["""", ""-0.01""]","[[200], []]",0,,1584
6935384746397.742,30902,30902,489,0.22,cpu_op,X,"[""float"", ""Scalar""]",aten::result_type,"[[50, 1], []]",,"["""", ""-0.01""]","[[15, 50], []]",0,,1585
6935384746399.693,30902,30902,490,0.221,cpu_op,X,"[""float"", ""Scalar""]",aten::result_type,"[[1], []]",,"["""", ""-0.01""]","[[15], []]",0,,1586
